model, dataset, max_depth, train_score0, train_score1, train_score2, test_score0, test_score1, test_score2, train_time0, train_time1, train_time2, hyperparameter0, hyperparameter1, hyperparameter2
DL8.5, balance_scale, 2, 0.7019230769230769, 0.7074340527577938, 0.6762589928057554, 0.6411483253588517, 0.6298076923076923, 0.625, 0.0007757579996905406, 0.0008131790000334149, 0.0008805209999991348, 10, 10, 10
DL8.5, balance_scale, 3, 0.7451923076923077, 0.7601918465227818, 0.7434052757793765, 0.6889952153110048, 0.6875, 0.7307692307692307, 0.0035108219999528956, 0.0038536759998351044, 0.003967952000039077, 10, 1, 1
DL8.5, balance_scale, 4, 0.7644230769230769, 0.7697841726618705, 0.7529976019184652, 0.6842105263157895, 0.7019230769230769, 0.7355769230769231, 0.0304930840002271, 0.03013050800018391, 0.030608479999955307, 10, 10, 10
DL8.5, congressional_voting_records, 2, 0.9689655172413794, 0.9551724137931035, 0.9689655172413794, 0.9379310344827586, 0.9724137931034482, 0.9379310344827586, 0.0011252069998590741, 0.0012227819997860934, 0.0010893530002249463, 1, 1, 20
DL8.5, congressional_voting_records, 3, 0.9724137931034482, 0.9586206896551724, 0.9793103448275862, 0.9517241379310345, 0.9793103448275862, 0.9241379310344827, 0.006821365000178048, 0.008414572000219778, 0.01033977999986746, 20, 20, 10
DL8.5, congressional_voting_records, 4, 0.9793103448275862, 0.9724137931034482, 0.9724137931034482, 0.9310344827586207, 0.9379310344827586, 0.9310344827586207, 0.1814919739999823, 0.22897848299999168, 0.04384745400011525, 10, 10, 20
DL8.5, soybean_small, 2, 1.0, 1.0, 1.0, 1.0, 0.9375, 1.0, 0.0009959340000023076, 0.0010285339999427379, 0.0009444309998798417, 1, 1, 1
DL8.5, soybean_small, 3, 1.0, 1.0, 1.0, 1.0, 0.9375, 1.0, 0.0012195570002404565, 0.0014092559999880905, 0.0011159179998685431, 1, 1, 1
DL8.5, soybean_small, 4, 1.0, 1.0, 1.0, 0.875, 0.9375, 1.0, 0.0011513960002957901, 0.0011970860000474204, 0.0011301479999019648, 1, 1, 1
DL8.5, iris, 2, 0.96, 0.95, 0.97, 0.96, 0.96, 0.94, 0.0015386749996650906, 0.0015538290003860311, 0.0015800569999555591, 1, 1, 1
DL8.5, iris, 3, 0.99, 0.96, 1.0, 0.96, 0.96, 0.92, 0.004697497000051953, 0.003192690000105358, 0.005109482000079879, 1, 10, 1
DL8.5, iris, 4, 0.97, 0.96, 0.97, 0.94, 0.96, 0.9, 0.005055866000020615, 0.009230324999862205, 0.006606551000004401, 10, 10, 10
DL8.5, wine, 2, 0.9745762711864406, 0.9831932773109243, 0.957983193277311, 0.95, 0.9152542372881356, 0.9491525423728814, 0.023434693000126572, 0.016501594000146724, 0.026138134000120772, 1, 10, 1
DL8.5, wine, 3, 1.0, 1.0, 1.0, 0.9, 0.9152542372881356, 0.9152542372881356, 0.2899248650001027, 0.1484280720001152, 0.9407611639999232, 1, 1, 10
DL8.5, wine, 4, 0.9915254237288136, 1.0, 1.0, 0.9333333333333333, 0.9152542372881356, 0.9491525423728814, 71.23045372499973, 3.7465683890000037, 56.75684032900017, 10, 10, 10
DL8.5, breast_cancer, 2, 0.9604221635883905, 0.9736147757255936, 0.9631578947368421, 0.9210526315789473, 0.9210526315789473, 0.9523809523809523, 1.516936586999691, 1.2575387150000097, 1.3230784790002872, 1, 10, 20
DL8.5, breast_cancer, 3, 0.9868073878627969, 0.9947229551451188, 0.9868421052631579, 0.9315789473684211, 0.9, 0.9576719576719577, 600.5474670550002, 600.6716174370004, 600.8171633369993, 1, 10, 1
DL8.5, breast_cancer, 4, 0.9841688654353562, 0.9947229551451188, 0.9789473684210527, 0.9210526315789473, 0.9, 0.9417989417989417, 600.9520954460004, 600.4709448859994, 600.3817416579986, 10, 10, 20
DL8.5, banknote_authentication, 2, 0.9266958424507659, 0.9366120218579235, 0.9289617486338798, 0.9170305676855895, 0.8971553610503282, 0.9146608315098468, 0.3172365400005219, 0.2906258480015822, 0.2900242609994166, 1, 1, 20
DL8.5, banknote_authentication, 3, 0.9857768052516411, 0.985792349726776, 0.9846994535519126, 0.9737991266375546, 0.962800875273523, 0.975929978118162, 113.73930246700002, 112.08577983899886, 109.12285299599898, 1, 1, 1
DL8.5, banknote_authentication, 4, 0.9857768052516411, 0.9868852459016394, 0.9901639344262295, 0.9737991266375546, 0.9649890590809628, 0.9715536105032823, 600.0675242119996, 600.110687843, 600.1622627559991, 20, 20, 1
DL8.5, blood_transfusion, 2, 0.7771084337349398, 0.781563126252505, 0.781563126252505, 0.772, 0.7670682730923695, 0.751004016064257, 0.004037392998725409, 0.004469250998226926, 0.0036185380013193935, 10, 1, 20
DL8.5, blood_transfusion, 3, 0.7971887550200804, 0.8216432865731463, 0.8236472945891784, 0.788, 0.7590361445783133, 0.7630522088353414, 0.09588535999864689, 0.09790712099857046, 0.11098870600108057, 20, 10, 10
DL8.5, blood_transfusion, 4, 0.8132530120481928, 0.8316633266533067, 0.8316633266533067, 0.788, 0.7550200803212851, 0.7590361445783133, 4.06553283500034, 5.257533405998402, 5.323135506001563, 10, 10, 10
DL8.5, ionosphere, 2, 0.905982905982906, 0.9444444444444444, 0.905982905982906, 0.9145299145299145, 0.8290598290598291, 0.8376068376068376, 0.4249696730003052, 0.24953891699988162, 0.34899766799935605, 1, 1, 10
DL8.5, ionosphere, 3, 0.9529914529914529, 0.9743589743589743, 0.9572649572649573, 0.8803418803418803, 0.8376068376068376, 0.8205128205128205, 253.13528039799712, 126.45652306899865, 198.8068277539969, 10, 10, 10
DL8.5, ionosphere, 4, 0.9743589743589743, 0.9786324786324786, 0.9658119658119658, 0.8974358974358975, 0.8547008547008547, 0.8803418803418803, 600.1331493960024, 600.1846430660007, 600.0356874450008, 1, 10, 10
DL8.5, parkinsons, 2, 0.9153846153846154, 0.9538461538461539, 0.9461538461538461, 0.8923076923076924, 0.8461538461538461, 0.8153846153846154, 0.09767303500120761, 0.07962544999827514, 0.10200103900206159, 10, 10, 1
DL8.5, parkinsons, 3, 0.9769230769230769, 1.0, 1.0, 0.8615384615384616, 0.8769230769230769, 0.8769230769230769, 16.415029772000707, 7.974504393001553, 13.63028728500285, 10, 1, 1
DL8.5, parkinsons, 4, 1.0, 1.0, 1.0, 0.9538461538461539, 0.8615384615384616, 0.9230769230769231, 1.976378184997884, 1.2096606459999748, 1.6538248190008744, 1, 1, 1
OCT, balance_scale, 2, 0.7019230769230769, 0.7074340527577938, 0.6690647482014388, 0.6411483253588517, 0.6298076923076923, 0.7067307692307693, 0.5657485049960087, 0.31057008799689356, 0.3192216579991509, 0.09294871794871795, 0.09554140127388533, 0.019108280254777066
OCT, balance_scale, 3, 0.7524038461538461, 0.7553956834532374, 0.7434052757793765, 0.69377990430622, 0.6875, 0.7307692307692307, 0.3987566659998265, 0.389574230001017, 0.44843757299531717, 0.01282051282051283, 0.011146496815286622, 0.0031847133757961776
OCT, balance_scale, 4, 0.7572115384615384, 0.7793764988009593, 0.7386091127098321, 0.6985645933014354, 0.7115384615384616, 0.7355769230769231, 0.4886124580007163, 0.6215635080006905, 0.524283683997055, 0.013621794871794851, 0.0031847133757961776, 0.0286624203821656
OCT, congressional_voting_records, 2, 0.9620689655172414, 0.9448275862068966, 0.9620689655172414, 0.9448275862068966, 0.9793103448275862, 0.9448275862068966, 0.3332761929996195, 0.32694488400011323, 0.3661031779993209, 0.05769230769230768, 0.012820512820512817, 0.03205128205128205
OCT, congressional_voting_records, 3, 0.9620689655172414, 0.9620689655172414, 0.9620689655172414, 0.9448275862068966, 0.9655172413793104, 0.9448275862068966, 0.42405180700006895, 0.40416761500091525, 0.4080316760009737, 0.03205128205128204, 0.019230769230769232, 0.12179487179487179
OCT, congressional_voting_records, 4, 0.9620689655172414, 0.9448275862068966, 0.9620689655172414, 0.9448275862068966, 0.9793103448275862, 0.9448275862068966, 0.4465054960019188, 0.48473823099629954, 0.43019758699665545, 0.016025641025641024, 0.02884615384615384, 0.07051282051282051
OCT, soybean_small, 2, 1.0, 1.0, 1.0, 0.9375, 0.9375, 1.0, 0.1984475140052382, 0.23867949600389693, 0.23949985900253523, 0.15384615384615385, 0.14285714285714285, 0.16666666666666666
OCT, soybean_small, 3, 1.0, 1.0, 1.0, 0.9375, 0.9375, 1.0, 0.21499760000006063, 0.20996857799764257, 0.20428482799616177, 0.038461538461538464, 0.03571428571428571, 0.06666666666666667
OCT, soybean_small, 4, 1.0, 1.0, 1.0, 0.9375, 0.9375, 1.0, 0.2184860139968805, 0.21260161900136154, 0.20910705999995116, 0.057692307692307696, 0.03571428571428571, 0.03333333333333333
OCT, iris, 2, 0.97, 0.96, 0.97, 0.9, 0.96, 0.94, 0.22054239099816186, 0.18950884099467658, 0.197054661999573, 0.21739130434782608, 0.21739130434782608, 0.2282608695652174
OCT, iris, 3, 0.97, 0.96, 0.97, 0.9, 0.96, 0.94, 0.2021449469975778, 0.20784971499961102, 0.19976894899446052, 0.03260869565217391, 0.043478260869565216, 0.25
OCT, iris, 4, 0.99, 0.96, 0.97, 0.96, 0.96, 0.94, 0.21646505500393687, 0.19661574299971107, 0.19795494300342398, 0.012681159420289856, 0.21739130434782608, 0.07608695652173914
OCT, wine, 2, 0.9745762711864406, 0.9831932773109243, 0.9159663865546218, 0.9333333333333333, 0.9152542372881356, 0.864406779661017, 0.2310384409938706, 0.2553897309990134, 0.22304869599611266, 0.0510204081632653, 0.030612244897959183, 0.12000000000000001
OCT, wine, 3, 0.9915254237288136, 1.0, 1.0, 0.9333333333333333, 0.9152542372881356, 0.9152542372881356, 0.2611715489983908, 0.254998374999559, 0.2601598220062442, 0.02040816326530612, 0.015306122448979588, 0.01
OCT, wine, 4, 0.9915254237288136, 1.0, 1.0, 0.9333333333333333, 0.9152542372881356, 0.9152542372881356, 0.3081497750026756, 0.26442831099848263, 0.308513617994322, 0.015306122448979591, 0.015306122448979591, 0.009999999999999998
OCT, breast_cancer, 2, 0.9525065963060686, 0.9630606860158312, 0.9236842105263158, 0.9473684210526315, 0.9210526315789473, 0.8994708994708994, 0.46203686900116736, 0.47002492700266885, 0.4867185370021616, 0.0404040404040404, 0.035353535353535345, 0.11616161616161616
OCT, breast_cancer, 3, 0.9709762532981531, 0.9894459102902374, 0.9789473684210527, 0.9421052631578948, 0.9263157894736842, 0.9629629629629629, 0.7005958090012427, 0.7017732070016791, 0.733707189996494, 0.015151515151515145, 0.01515151515151515, 0.012626262626262623
OCT, breast_cancer, 4, 0.978891820580475, 0.9920844327176781, 0.968421052631579, 0.9368421052631579, 0.9210526315789473, 0.9523809523809523, 0.7744766659961897, 0.8427316640008939, 0.8380221429979429, 0.015993265993265993, 0.0101010101010101, 0.015151515151515145
OCT, banknote_authentication, 2, 0.9245076586433261, 0.9366120218579235, 0.9245901639344263, 0.9323144104803494, 0.8971553610503282, 0.8905908096280087, 0.33129853500577156, 0.35605563900026027, 0.3294073099968955, 0.03345070422535211, 0.02631578947368421, 0.024561403508771923
OCT, banknote_authentication, 3, 0.9781181619256017, 0.9726775956284153, 0.9672131147540983, 0.9650655021834061, 0.9584245076586433, 0.9671772428884027, 0.49065093399985926, 0.5107071739985258, 0.5166039940013434, 0.016725352112676055, 0.014912280701754385, 0.014035087719298248
OCT, banknote_authentication, 4, 0.9956236323851203, 0.9923497267759562, 0.9923497267759562, 0.9847161572052402, 0.9540481400437637, 0.9846827133479212, 0.6739530080012628, 0.5785319930000696, 0.7074317110018455, 0.00528169014084507, 0.00087719298245614, 0.0035087719298245606
OCT, blood_transfusion, 2, 0.7630522088353414, 0.7615230460921844, 0.7615230460921844, 0.76, 0.7630522088353414, 0.7630522088353414, 0.24066377300187014, 0.2292444249978871, 0.224828719998186, 0.5210843373493976, 0.5391566265060241, 0.5421686746987953
OCT, blood_transfusion, 3, 0.7931726907630522, 0.7615230460921844, 0.8276553106212425, 0.8, 0.7630522088353414, 0.7590361445783133, 0.26199392600392457, 0.2523111889968277, 0.32182196299982024, 0.03815261044176703, 0.5316265060240963, 0.027108433734939742
OCT, blood_transfusion, 4, 0.7931726907630522, 0.7615230460921844, 0.8296593186372746, 0.8, 0.7630522088353414, 0.7751004016064257, 0.32411895300174365, 0.2971305940009188, 0.40296040500106756, 0.028614457831325282, 0.5391566265060241, 0.014056224899598346
OCT, ionosphere, 2, 0.905982905982906, 0.9401709401709402, 0.905982905982906, 0.9145299145299145, 0.8376068376068376, 0.8376068376068376, 0.3481662749982206, 0.3330878830020083, 0.3648104929961846, 0.13559322033898308, 0.13559322033898308, 0.11016949152542373
OCT, ionosphere, 3, 0.905982905982906, 0.9572649572649573, 0.9316239316239316, 0.9145299145299145, 0.7777777777777778, 0.8803418803418803, 0.479603555999347, 0.4923219929987681, 0.5153615020026336, 0.06779661016949153, 0.008474576271186439, 0.033898305084745756
OCT, ionosphere, 4, 0.9401709401709402, 0.9786324786324786, 0.9487179487179487, 0.9230769230769231, 0.8205128205128205, 0.9145299145299145, 0.5941886780055938, 0.5809671200040611, 0.6853310779988533, 0.04661016949152542, 0.012711864406779658, 0.025423728813559317
OCT, parkinsons, 2, 0.9153846153846154, 0.8846153846153846, 0.8846153846153846, 0.8923076923076924, 0.8153846153846154, 0.8307692307692308, 0.25208487800409785, 0.25245217899646377, 0.2501214629955939, 0.18181818181818182, 0.13636363636363635, 0.17045454545454547
OCT, parkinsons, 3, 0.9615384615384616, 0.9846153846153847, 0.9692307692307692, 0.9384615384615385, 0.8769230769230769, 0.8769230769230769, 0.31198020800366066, 0.3083486229952541, 0.2819100940032513, 0.0606060606060606, 0.022727272727272728, 0.07196969696969696
OCT, parkinsons, 4, 0.9769230769230769, 0.9846153846153847, 0.9692307692307692, 0.9384615384615385, 0.8769230769230769, 0.8769230769230769, 0.36123300199687947, 0.36908185899665114, 0.3478439239988802, 0.03409090909090909, 0.03787878787878787, 0.07575757575757575
OCT-H, balance_scale, 2, 0.9951923076923077, 0.9928057553956835, 0.9976019184652278, 0.8947368421052632, 0.9230769230769231, 0.9471153846153846, 17.731738950998988, 18.12415270099882, 19.608628424997733, 0.0032585470085470082, 0.0007961783439490446, 0.001194267515923567
OCT-H, balance_scale, 3, 0.9975961538461539, 0.988009592326139, 1.0, 0.9330143540669856, 0.9423076923076923, 0.9038461538461539, 18.897932674000913, 28.01742177399865, 20.835355985000206, 0.0030270655270655264, 0.0035346818786309232, 0.0027656721421387863
OCT-H, balance_scale, 4, 0.9975961538461539, 1.0, 0.9976019184652278, 0.9425837320574163, 0.9615384615384616, 0.9471153846153846, 16.29573972000071, 22.538461915995867, 22.054324564000126, 0.005912618083670716, 0.0018898299153076222, 0.00264427716657016
OCT-H, congressional_voting_records, 2, 0.9620689655172414, 0.9448275862068966, 0.9620689655172414, 0.9448275862068966, 0.9793103448275862, 0.9448275862068966, 9.304503530998772, 10.32223838599748, 9.147143927999423, 0.44017094017094016, 0.43269230769230765, 0.44551282051282054
OCT-H, congressional_voting_records, 3, 0.9620689655172414, 0.9448275862068966, 0.9620689655172414, 0.9448275862068966, 0.9793103448275862, 0.9448275862068966, 10.923648919000698, 10.757074488996295, 9.52763899799902, 0.44017094017094016, 0.43269230769230765, 0.44551282051282054
OCT-H, congressional_voting_records, 4, 0.9862068965517241, 0.9448275862068966, 0.9620689655172414, 0.9379310344827586, 0.9793103448275862, 0.9448275862068966, 13.288205202996323, 11.57567110999662, 9.947384500002954, 0.01533882783882784, 0.43269230769230765, 0.44551282051282054
OCT-H, soybean_small, 2, 0.967741935483871, 1.0, 1.0, 0.9375, 0.9375, 1.0, 1.5524124700023094, 1.7214085510058794, 2.16329929499625, 0.11538461538461539, 0.14285714285714285, 0.16666666666666666
OCT-H, soybean_small, 3, 1.0, 1.0, 1.0, 1.0, 0.9375, 1.0, 1.9002059110061964, 2.2218726520004566, 2.347210064996034, 0.07692307692307693, 0.047619047619047616, 0.03333333333333333
OCT-H, soybean_small, 4, 1.0, 1.0, 1.0, 0.9375, 0.9375, 1.0, 1.958353572001215, 2.4632793850032613, 2.212723721000657, 0.07692307692307693, 0.047619047619047616, 0.03333333333333333
OCT-H, iris, 2, 0.97, 1.0, 0.99, 0.9, 0.96, 0.96, 0.5456687889964087, 0.4541641719988547, 0.48369857600482646, 0.21739130434782608, 0.016304347826086956, 0.021739130434782608
OCT-H, iris, 3, 1.0, 1.0, 0.99, 0.96, 0.96, 0.96, 0.6136608369997703, 0.6288680139987264, 0.6268795349969878, 0.010869565217391304, 0.008152173913043478, 0.021739130434782608
OCT-H, iris, 4, 1.0, 1.0, 0.99, 0.96, 0.96, 0.96, 0.6515941449979437, 0.6304115329985507, 0.6930583639987162, 0.008152173913043478, 0.008152173913043478, 0.021739130434782608
OCT-H, wine, 2, 1.0, 1.0, 1.0, 0.9, 0.8983050847457628, 0.9322033898305084, 4.127061045997834, 3.522598489995289, 3.741856815999199, 0.004081632653061224, 0.009183673469387754, 0.004
OCT-H, wine, 3, 1.0, 1.0, 1.0, 0.8833333333333333, 0.9152542372881356, 0.9491525423728814, 4.046765164996032, 4.086257053997542, 4.338375384999381, 0.004081632653061224, 0.009183673469387754, 0.005
OCT-H, wine, 4, 1.0, 1.0, 1.0, 0.8833333333333333, 0.9152542372881356, 0.9491525423728814, 4.124956382998789, 4.122832727000059, 4.134785750997253, 0.004081632653061224, 0.009183673469387754, 0.0033333333333333335
OCT-H, breast_cancer, 2, 0.9947229551451188, 0.9973614775725593, 0.9921052631578947, 0.9526315789473684, 0.9526315789473684, 0.9682539682539683, 23.030153872001392, 24.064562343002763, 32.02802127399627, 0.0009182736455463727, 0.008838383838383836, 0.0005611672278338945
OCT-H, breast_cancer, 3, 0.9920844327176781, 1.0, 0.9973684210526316, 0.9578947368421052, 0.9526315789473684, 0.9470899470899471, 35.51261917300144, 30.479429813000024, 28.58274191700184, 0.005640823822642004, 0.008838383838383836, 0.0003367003367003367
OCT-H, breast_cancer, 4, 0.9894459102902374, 0.9973614775725593, 0.9973684210526316, 0.9736842105263158, 0.9473684210526315, 0.9682539682539683, 40.25986850100162, 30.746451001999958, 35.465340347000165, 0.005199049316696375, 0.008838383838383836, 0.0007974481658692185
OCT-H, banknote_authentication, 2, 1.0, 1.0, 1.0, 0.9956331877729258, 0.9912472647702407, 1.0, 12.309504668002774, 12.652516333997482, 12.121638922995771, 0.0017605633802816902, 0.0008771929824561404, 0.0017543859649122807
OCT-H, banknote_authentication, 3, 1.0, 1.0, 1.0, 1.0, 0.9912472647702407, 1.0, 13.263274589000503, 13.09519189200364, 13.097105988003023, 0.0008802816901408451, 0.0008771929824561404, 0.0008771929824561404
OCT-H, banknote_authentication, 4, 1.0, 1.0, 1.0, 1.0, 0.9956236323851203, 0.9912472647702407, 13.046435851996648, 12.928726598998765, 12.958343717000389, 0.0008802816901408451, 0.0008771929824561404, 0.0008771929824561404
OCT-H, blood_transfusion, 2, 0.8152610441767069, 0.8236472945891784, 0.8216432865731463, 0.804, 0.7791164658634538, 0.751004016064257, 2.7333736539949314, 3.6481934859984904, 3.0254223170049954, 0.010040160642570285, 0.003012048192771094, 0.015060240963855387
OCT-H, blood_transfusion, 3, 0.8012048192771084, 0.8256513026052105, 0.8156312625250501, 0.824, 0.7751004016064257, 0.7911646586345381, 12.342230436996033, 3.2862841410023975, 3.0773136930001783, 0.030321285140562246, 0.014056224899598388, 0.031626506024096376
OCT-H, blood_transfusion, 4, 0.8152610441767069, 0.8296593186372746, 0.8236472945891784, 0.792, 0.7751004016064257, 0.751004016064257, 4.5765547060000245, 4.198576039001637, 3.839430010993965, 0.015275387263339067, 0.013386880856760337, 0.028112449799196797
OCT-H, ionosphere, 2, 0.9615384615384616, 0.9700854700854701, 0.9572649572649573, 0.8974358974358975, 0.8803418803418803, 0.905982905982906, 20.496291863004444, 18.416121629998088, 19.420506491005654, 0.007627118644067794, 0.008800521512385919, 0.015536723163841807
OCT-H, ionosphere, 3, 0.905982905982906, 0.9401709401709402, 0.9615384615384616, 0.9145299145299145, 0.8376068376068376, 0.9145299145299145, 22.89367404999939, 23.290390549998847, 32.794892871999764, 0.05932203389830508, 0.0402542372881356, 0.014830508474576263
OCT-H, ionosphere, 4, 0.9786324786324786, 0.9871794871794872, 0.9658119658119658, 0.9572649572649573, 0.8461538461538461, 0.8974358974358975, 50.05691010600276, 44.70716446500592, 44.05344886700186, 0.005536723163841808, 0.008089368258859784, 0.01807909604519774
OCT-H, parkinsons, 2, 0.9923076923076923, 0.9846153846153847, 0.8846153846153846, 0.9076923076923077, 0.8923076923076924, 0.8307692307692308, 6.196825130995421, 6.265027596993605, 4.085486790994764, 0.0015673981191222566, 0.0025252525252525255, 0.15909090909090906
OCT-H, parkinsons, 3, 1.0, 1.0, 0.9615384615384616, 0.9384615384615385, 0.8769230769230769, 0.9076923076923077, 9.308361973999126, 9.34575157600193, 6.1850487449992215, 0.003814367450731087, 0.0045677361853832445, 0.07954545454545453
OCT-H, parkinsons, 4, 1.0, 1.0, 0.9153846153846154, 0.9384615384615385, 0.8615384615384616, 0.8769230769230769, 12.045451249003236, 11.959055197003181, 6.788193876003788, 0.01212121212121212, 0.009178321678321678, 0.07954545454545453
FlowOCT, balance_scale, 2, 0.7019230769230769, 0.7074340527577938, 0.6690647482014388, 0.6411483253588517, 0.6298076923076923, 0.7067307692307693, 2.59192196500004, 5.741063617000009, 2.870642862000011, 2, 3, 2
FlowOCT, balance_scale, 3, 0.7307692307692307, 0.7553956834532374, 0.7434052757793765, 0.6650717703349283, 0.6875, 0.7307692307692307, 18.674671988, 276.18103057200005, 295.91361255900006, 3, 5, 7
FlowOCT, balance_scale, 4, 0.7884615384615384, 0.7889688249400479, 0.7697841726618705, 0.6842105263157895, 0.7067307692307693, 0.75, 601.0562286550003, 601.009815845, 601.0490256740013, 15, 15, 15
FlowOCT, congressional_voting_records, 2, 0.9620689655172414, 0.9482758620689655, 0.9689655172413794, 0.9448275862068966, 0.9724137931034482, 0.9379310344827586, 3.2049152170002344, 4.686080987999958, 8.46375518700006, 2, 2, 3
FlowOCT, congressional_voting_records, 3, 0.9724137931034482, 0.9620689655172414, 0.9827586206896551, 0.9448275862068966, 0.9655172413793104, 0.9103448275862069, 65.0873618250007, 43.12595373399927, 372.20915534599953, 3, 3, 5
FlowOCT, congressional_voting_records, 4, 0.993103448275862, 0.9793103448275862, 0.996551724137931, 0.9310344827586207, 0.9655172413793104, 0.896551724137931, 600.7946333600012, 600.8070396350013, 600.813873952, 10, 10, 10
FlowOCT, soybean_small, 2, 1.0, 1.0, 1.0, 1.0, 1.0, 1.0, 0.041432441998040304, 0.04106736100220587, 0.04146966199914459, 3, 3, 3
FlowOCT, soybean_small, 3, 1.0, 1.0, 1.0, 1.0, 0.9375, 1.0, 0.08714527799747884, 0.0945985770013067, 0.09833371800050372, 5, 3, 3
FlowOCT, soybean_small, 4, 1.0, 1.0, 1.0, 0.9375, 1.0, 1.0, 0.18396293700061506, 0.18304229999921517, 0.20893237900236272, 10, 5, 10
FlowOCT, iris, 2, 0.88, 0.92, 0.9, 0.78, 0.9, 0.92, 0.1278887560001749, 0.1577959540009033, 0.1570761160000984, 2, 3, 3
FlowOCT, iris, 3, 0.96, 0.95, 0.9, 0.84, 0.92, 0.92, 3.313438479999604, 2.430069589001505, 1.4545861090009566, 7, 5, 3
FlowOCT, iris, 4, 0.95, 0.97, 0.99, 0.82, 0.96, 0.86, 40.49753624400182, 600.283064381998, 600.2795679709998, 5, 15, 15
FlowOCT, wine, 2, 0.9491525423728814, 0.9747899159663865, 0.8739495798319328, 0.9166666666666666, 0.8813559322033898, 0.8983050847457628, 1.3424086760023783, 0.8207559830007085, 0.7592541900012293, 3, 3, 2
FlowOCT, wine, 3, 0.9915254237288136, 0.9747899159663865, 0.9831932773109243, 0.8833333333333333, 0.8813559322033898, 0.9830508474576272, 454.24999125400063, 9.393337050001719, 93.21410982499947, 7, 3, 5
FlowOCT, wine, 4, 1.0, 1.0, 1.0, 0.9, 0.7966101694915254, 0.9661016949152542, 11.554919409998547, 12.552940468001907, 20.01684353499877, 15, 5, 15
FlowOCT, breast_cancer, 2, 0.9551451187335093, 0.9498680738786279, 0.9447368421052632, 0.9263157894736842, 0.9263157894736842, 0.9206349206349206, 81.63942154799952, 36.94010729600268, 73.81309189199965, 3, 3, 3
FlowOCT, breast_cancer, 3, 0.9630606860158312, 0.9577836411609498, 0.9605263157894737, 0.9315789473684211, 0.9368421052631579, 0.9417989417989417, 600.7060109019985, 337.8644322220025, 600.7214103229999, 5, 3, 5
FlowOCT, breast_cancer, 4, 0.9920844327176781, 0.9920844327176781, 0.9578947368421052, 0.9157894736842105, 0.9473684210526315, 0.9417989417989417, 601.4697275439976, 601.4692816160023, 601.4784908250003, 15, 10, 5
FlowOCT, banknote_authentication, 2, 0.9004376367614879, 0.8950819672131147, 0.9005464480874317, 0.8908296943231441, 0.8424507658643327, 0.888402625820569, 4.010597473999951, 1.4808055780013092, 2.7358983880039887, 3, 2, 3
FlowOCT, banknote_authentication, 3, 0.9452954048140044, 0.946448087431694, 0.9475409836065574, 0.9388646288209607, 0.912472647702407, 0.9431072210065645, 167.3349142540028, 122.22324607599876, 208.82728893699823, 7, 7, 7
FlowOCT, banknote_authentication, 4, 0.9748358862144421, 0.9683060109289617, 0.9726775956284153, 0.9694323144104804, 0.973741794310722, 0.9693654266958425, 602.3068481890004, 602.2249373629966, 602.4779414760051, 15, 10, 15
FlowOCT, blood_transfusion, 2, 0.7670682730923695, 0.7655310621242485, 0.781563126252505, 0.764, 0.7269076305220884, 0.751004016064257, 0.9856980870026746, 0.8231215410050936, 0.6849324409995461, 2, 2, 2
FlowOCT, blood_transfusion, 3, 0.7811244979919679, 0.7955911823647295, 0.7875751503006012, 0.776, 0.7590361445783133, 0.7469879518072289, 4.737912955999491, 61.04272258999845, 4.3696305910052615, 3, 5, 3
FlowOCT, blood_transfusion, 4, 0.7891566265060241, 0.7975951903807615, 0.8096192384769539, 0.792, 0.7469879518072289, 0.7429718875502008, 271.2482872440014, 338.45788392300165, 182.31978019500093, 5, 5, 5
FlowOCT, ionosphere, 2, 0.8632478632478633, 0.8717948717948718, 0.8803418803418803, 0.8547008547008547, 0.8290598290598291, 0.8376068376068376, 44.843326081005216, 13.460959016003471, 38.146708829001, 3, 2, 3
FlowOCT, ionosphere, 3, 0.8717948717948718, 0.9316239316239316, 0.9188034188034188, 0.8888888888888888, 0.7863247863247863, 0.8717948717948718, 208.38244326099812, 600.4454783209949, 600.4781454409967, 3, 7, 5
FlowOCT, ionosphere, 4, 0.9188034188034188, 0.9230769230769231, 0.9358974358974359, 0.905982905982906, 0.7863247863247863, 0.8290598290598291, 600.9238903840014, 600.928887468006, 600.8748856199963, 5, 5, 5
FlowOCT, parkinsons, 2, 0.9076923076923077, 0.9076923076923077, 0.8769230769230769, 0.9076923076923077, 0.8461538461538461, 0.7692307692307693, 5.714361744001508, 12.432453966001049, 4.193080375000136, 3, 3, 2
FlowOCT, parkinsons, 3, 0.9615384615384616, 0.9538461538461539, 0.9153846153846154, 0.8769230769230769, 0.8307692307692308, 0.8615384615384616, 600.2242299530044, 255.63360725900566, 54.32016228199063, 7, 5, 3
FlowOCT, parkinsons, 4, 0.9923076923076923, 0.9846153846153847, 0.9846153846153847, 0.8615384615384616, 0.8923076923076924, 0.8, 600.4733415389928, 600.4195431130065, 600.4629697069904, 15, 10, 15
FlowOCT-Benders, balance_scale, 2, 0.7019230769230769, 0.7074340527577938, 0.6690647482014388, 0.6411483253588517, 0.6298076923076923, 0.7067307692307693, 1.2973741909954697, 0.3325774940021802, 0.40984225599095225, 3, 2, 2
FlowOCT-Benders, balance_scale, 3, 0.7307692307692307, 0.7601918465227818, 0.7434052757793765, 0.6650717703349283, 0.6875, 0.7307692307692307, 5.60584009399463, 152.52626408099604, 159.84037548099877, 3, 7, 7
FlowOCT-Benders, balance_scale, 4, 0.7764423076923077, 0.7697841726618705, 0.762589928057554, 0.6985645933014354, 0.7019230769230769, 0.6923076923076923, 600.0330955329991, 412.99796228899504, 600.033318722999, 10, 5, 10
FlowOCT-Benders, congressional_voting_records, 2, 0.9689655172413794, 0.9551724137931035, 0.9689655172413794, 0.9379310344827586, 0.9724137931034482, 0.9379310344827586, 2.100563863001298, 2.6618160469952272, 5.757348389000981, 3, 3, 3
FlowOCT-Benders, congressional_voting_records, 3, 0.9724137931034482, 0.9620689655172414, 0.9862068965517241, 0.9448275862068966, 0.9655172413793104, 0.903448275862069, 5.054307102996972, 11.194850115993177, 230.04264675099694, 3, 3, 7
FlowOCT-Benders, congressional_voting_records, 4, 0.9827586206896551, 0.9758620689655172, 0.9827586206896551, 0.9379310344827586, 0.9862068965517241, 0.9103448275862069, 391.14336211400223, 537.1609038280003, 361.1483286090079, 5, 5, 5
FlowOCT-Benders, soybean_small, 2, 0.8064516129032258, 1.0, 1.0, 0.75, 1.0, 1.0, 0.29214689999935217, 0.006226676996448077, 0.0061524110060418025, 2, 3, 3
FlowOCT-Benders, soybean_small, 3, 1.0, 1.0, 1.0, 0.9375, 1.0, 1.0, 0.007630328997038305, 0.007993405000888743, 0.007986184995388612, 7, 3, 5
FlowOCT-Benders, soybean_small, 4, 1.0, 1.0, 1.0, 1.0, 1.0, 1.0, 0.01115648599807173, 0.01119171800382901, 0.01146050399984233, 10, 10, 10
FlowOCT-Benders, iris, 2, 0.88, 0.92, 0.9, 0.78, 0.9, 0.92, 0.1932140970020555, 0.12964655399264302, 0.12409152099280618, 2, 3, 3
FlowOCT-Benders, iris, 3, 0.95, 0.92, 0.9, 0.84, 0.9, 0.92, 3.7503929249942303, 1.006179293995956, 0.685238866994041, 5, 3, 3
FlowOCT-Benders, iris, 4, 0.99, 0.98, 0.99, 0.9, 0.92, 0.92, 600.0276441439928, 600.0278392799955, 600.0290614940022, 15, 15, 15
FlowOCT-Benders, wine, 2, 0.9491525423728814, 0.9747899159663865, 0.8739495798319328, 0.9166666666666666, 0.8813559322033898, 0.8983050847457628, 5.078093853007886, 1.1509305469953688, 0.8178478339978028, 3, 3, 2
FlowOCT-Benders, wine, 3, 0.9491525423728814, 0.9747899159663865, 0.9831932773109243, 0.85, 0.8813559322033898, 0.9322033898305084, 14.859384124996723, 5.3715527660096996, 315.4129975800024, 3, 3, 7
FlowOCT-Benders, wine, 4, 1.0, 1.0, 0.9915966386554622, 0.9, 0.847457627118644, 0.9830508474576272, 18.233151090986212, 0.4826779900031397, 600.0209987370035, 10, 5, 10
FlowOCT-Benders, breast_cancer, 2, 0.9551451187335093, 0.9498680738786279, 0.9447368421052632, 0.9263157894736842, 0.9263157894736842, 0.9206349206349206, 28.60611187199538, 25.968380575999618, 31.475467734999256, 3, 3, 3
FlowOCT-Benders, breast_cancer, 3, 0.9630606860158312, 0.9683377308707124, 0.9526315789473684, 0.9105263157894737, 0.9157894736842105, 0.9417989417989417, 600.0369763250055, 600.0372073100007, 600.0381903289963, 5, 7, 5
FlowOCT-Benders, breast_cancer, 4, 0.9815303430079155, 0.9709762532981531, 0.9736842105263158, 0.9157894736842105, 0.9421052631578948, 0.9312169312169312, 600.0643371049955, 600.0278223260102, 600.0438175229938, 10, 5, 15
FlowOCT-Benders, banknote_authentication, 2, 0.9004376367614879, 0.8950819672131147, 0.9005464480874317, 0.8908296943231441, 0.8424507658643327, 0.888402625820569, 4.483300719992258, 2.1304391320009017, 4.053146867998294, 3, 2, 3
FlowOCT-Benders, banknote_authentication, 3, 0.9452954048140044, 0.946448087431694, 0.9475409836065574, 0.9388646288209607, 0.912472647702407, 0.9431072210065645, 600.0391760540078, 316.95839400000114, 600.0387228199979, 7, 7, 7
FlowOCT-Benders, banknote_authentication, 4, 0.9748358862144421, 0.9693989071038251, 0.9726775956284153, 0.9694323144104804, 0.9190371991247265, 0.9693654266958425, 600.0401916189876, 600.0370605920034, 600.0558479659958, 15, 15, 15
FlowOCT-Benders, blood_transfusion, 2, 0.7670682730923695, 0.7655310621242485, 0.781563126252505, 0.764, 0.7269076305220884, 0.751004016064257, 1.0880273699876852, 1.1169469509914052, 0.7914085689990316, 2, 2, 2
FlowOCT-Benders, blood_transfusion, 3, 0.7811244979919679, 0.7955911823647295, 0.7875751503006012, 0.788, 0.7590361445783133, 0.7469879518072289, 39.156768437009305, 600.0316360029974, 34.752680414996576, 3, 5, 3
FlowOCT-Benders, blood_transfusion, 4, 0.7891566265060241, 0.7955911823647295, 0.8136272545090181, 0.792, 0.7590361445783133, 0.7389558232931727, 600.0362156670017, 600.0375058900099, 600.0413155969873, 5, 5, 10
FlowOCT-Benders, ionosphere, 2, 0.8632478632478633, 0.8717948717948718, 0.8803418803418803, 0.8547008547008547, 0.8290598290598291, 0.8376068376068376, 44.38357890001498, 4.307747568003833, 41.45335453702137, 3, 2, 3
FlowOCT-Benders, ionosphere, 3, 0.9145299145299145, 0.8846153846153846, 0.9230769230769231, 0.8803418803418803, 0.811965811965812, 0.8803418803418803, 600.0358220710186, 88.405225858005, 600.0455380999774, 7, 3, 5
FlowOCT-Benders, ionosphere, 4, 0.9316239316239316, 0.905982905982906, 0.9529914529914529, 0.8205128205128205, 0.7948717948717948, 0.8547008547008547, 600.0475210019795, 600.0518224609841, 600.0401939580042, 10, 5, 15
FlowOCT-Benders, parkinsons, 2, 0.9076923076923077, 0.9076923076923077, 0.8769230769230769, 0.9076923076923077, 0.8769230769230769, 0.8307692307692308, 11.827919767005369, 1.5214976879942697, 5.964504475006834, 3, 2, 2
FlowOCT-Benders, parkinsons, 3, 0.9538461538461539, 0.9538461538461539, 0.9461538461538461, 0.8769230769230769, 0.8307692307692308, 0.8461538461538461, 600.0282064710045, 600.0308341399941, 600.0304320279974, 5, 5, 5
FlowOCT-Benders, parkinsons, 4, 0.9384615384615385, 0.9461538461538461, 0.9461538461538461, 0.9230769230769231, 0.8307692307692308, 0.8615384615384616, 600.0378970909806, 600.0297836170066, 600.022819343023, 5, 5, 10
SOCT-baseline, balance_scale, 2, 1.0, 1.0, 1.0, 0.9712918660287081, 0.9855769230769231, 0.9423076923076923, 1.3564411280000002, 1.4154506429999856, 1.377468408999988, 2, 2, 2
SOCT-baseline, balance_scale, 3, 1.0, 1.0, 1.0, 0.9712918660287081, 0.9855769230769231, 0.9423076923076923, 1.9801629300000059, 2.0475828080000156, 2.0605619639999873, 3, 3, 3
SOCT-baseline, balance_scale, 4, 1.0, 1.0, 1.0, 0.9712918660287081, 0.9855769230769231, 0.9423076923076923, 3.2187755960000004, 3.243684145999964, 3.136178976999986, 5, 5, 5
SOCT-baseline, congressional_voting_records, 2, 1.0, 1.0, 1.0, 0.9448275862068966, 0.9517241379310345, 0.9241379310344827, 0.5870021940000356, 0.5898355870000387, 0.5897261619999767, 2, 2, 2
SOCT-baseline, congressional_voting_records, 3, 1.0, 1.0, 1.0, 0.9448275862068966, 0.9517241379310345, 0.9241379310344827, 1.2318109580000396, 1.1926195979999648, 1.2339362590000178, 3, 3, 3
SOCT-baseline, congressional_voting_records, 4, 1.0, 1.0, 1.0, 0.9448275862068966, 0.9517241379310345, 0.9241379310344827, 2.729059871000004, 2.3915472900000054, 2.3950177280000275, 5, 5, 5
SOCT-baseline, soybean_small, 2, 1.0, 1.0, 1.0, 1.0, 1.0, 1.0, 0.27546117399998593, 0.2818333760000087, 0.2973899859999847, 3, 3, 3
SOCT-baseline, soybean_small, 3, 1.0, 1.0, 1.0, 1.0, 1.0, 1.0, 0.43958000499998207, 0.4278935440000282, 0.44353708700003835, 3, 3, 3
SOCT-baseline, soybean_small, 4, 1.0, 1.0, 1.0, 1.0, 1.0, 1.0, 0.5689230380000367, 0.5800580519999698, 0.6016268420000301, 5, 5, 5
SOCT-baseline, iris, 2, 1.0, 0.99, 0.99, 0.98, 0.98, 0.94, 0.3607265020000341, 0.5864672899999732, 0.544053606000034, 2, 2, 2
SOCT-baseline, iris, 3, 1.0, 1.0, 1.0, 0.98, 0.96, 0.94, 0.49082036400000106, 0.8240033589999598, 1.1037930360000132, 3, 3, 7
SOCT-baseline, iris, 4, 1.0, 1.0, 1.0, 0.98, 0.96, 0.98, 0.6455330059999937, 0.8254312119999554, 2.4764023570000404, 5, 15, 5
SOCT-baseline, wine, 2, 1.0, 1.0, 1.0, 0.9833333333333333, 0.9491525423728814, 1.0, 0.32050645900000063, 0.3323521159999814, 0.3354642069999727, 2, 2, 2
SOCT-baseline, wine, 3, 1.0, 1.0, 1.0, 0.9833333333333333, 0.9491525423728814, 1.0, 0.4996528959999864, 0.5004209979999814, 0.5019927549999466, 3, 3, 3
SOCT-baseline, wine, 4, 1.0, 1.0, 1.0, 0.9833333333333333, 0.9491525423728814, 1.0, 0.8229707919999782, 0.7868022339999925, 0.8200390369999582, 5, 5, 5
SOCT-baseline, breast_cancer, 2, 1.0, 1.0, 1.0, 0.9263157894736842, 0.9368421052631579, 0.9788359788359788, 2.990143260000025, 0.7699740880000263, 1.0190604809999968, 2, 2, 2
SOCT-baseline, breast_cancer, 3, 1.0, 1.0, 1.0, 0.9368421052631579, 0.9368421052631579, 0.9788359788359788, 1.8923872600000209, 1.609860814000001, 1.7651062850000017, 3, 3, 3
SOCT-baseline, breast_cancer, 4, 1.0, 1.0, 1.0, 0.9368421052631579, 0.9368421052631579, 0.9788359788359788, 3.4454608739999912, 3.4043957819999946, 3.4617557800000327, 5, 5, 5
SOCT-baseline, banknote_authentication, 2, 1.0, 1.0, 1.0, 1.0, 0.9956236323851203, 1.0, 1.1534584350000046, 32.823510759000044, 1.5512268139999605, 2, 3, 3
SOCT-baseline, banknote_authentication, 3, 1.0, 1.0, 1.0, 1.0, 0.9912472647702407, 1.0, 2.8666150629999265, 146.97862085400004, 3.2885797259999663, 3, 3, 3
SOCT-baseline, banknote_authentication, 4, 1.0, 1.0, 1.0, 1.0, 0.9956236323851203, 1.0, 4.695366432000014, 171.25146927700007, 5.184146680000026, 5, 15, 15
SOCT-baseline, blood_transfusion, 2, 0.8012048192771084, 0.8016032064128257, 0.8036072144288577, 0.796, 0.7791164658634538, 0.7550200803212851, 601.3820397879999, 601.2903290109998, 601.2650583119994, 3, 3, 2
SOCT-baseline, blood_transfusion, 3, 0.7891566265060241, 0.7915831663326653, 0.8216432865731463, 0.764, 0.7670682730923695, 0.7630522088353414, 601.9828039910008, 602.1124701970002, 602.0558712949969, 3, 3, 3
SOCT-baseline, blood_transfusion, 4, 0.7971887550200804, 0.7975951903807615, 0.7955911823647295, 0.772, 0.7710843373493976, 0.7590361445783133, 602.9472921369997, 603.1579326330029, 603.0103189229994, 5, 10, 5
SOCT-baseline, ionosphere, 2, 1.0, 1.0, 1.0, 0.8888888888888888, 0.8803418803418803, 0.8803418803418803, 4.865243444000953, 1.1991988759982632, 0.9756640670020715, 2, 2, 2
SOCT-baseline, ionosphere, 3, 1.0, 1.0, 1.0, 0.8547008547008547, 0.8717948717948718, 0.8803418803418803, 1.7347330289994716, 2.098696981003741, 1.4578192929984652, 3, 3, 3
SOCT-baseline, ionosphere, 4, 1.0, 1.0, 1.0, 0.8547008547008547, 0.8632478632478633, 0.8803418803418803, 2.7922259779952583, 2.9842769719980424, 2.4880756530037615, 5, 5, 5
SOCT-baseline, parkinsons, 2, 1.0, 1.0, 1.0, 0.8923076923076924, 0.8461538461538461, 0.8615384615384616, 6.755458847001137, 4.8993902479996905, 1.9288357850018656, 3, 2, 2
SOCT-baseline, parkinsons, 3, 1.0, 1.0, 1.0, 0.8615384615384616, 0.8461538461538461, 0.8923076923076924, 5.364460839999083, 4.951682393999363, 6.225874165000278, 3, 3, 3
SOCT-baseline, parkinsons, 4, 1.0, 1.0, 1.0, 0.9076923076923077, 0.8307692307692308, 0.8153846153846154, 1.368354571000964, 2.0508275530009996, 1.2405713949992787, 5, 5, 5
SOCT-benders-last-1, balance_scale, 2, 1.0, 1.0, 1.0, 0.9712918660287081, 0.9855769230769231, 0.9423076923076923, 1.0672113570035435, 1.0558985759998905, 1.0218944029984414, 2, 2, 2
SOCT-benders-last-1, balance_scale, 3, 1.0, 1.0, 1.0, 0.9712918660287081, 0.9855769230769231, 0.9423076923076923, 1.4879374639931484, 1.533973594996496, 1.5528159359964775, 3, 3, 3
SOCT-benders-last-1, balance_scale, 4, 1.0, 1.0, 1.0, 0.9712918660287081, 0.9855769230769231, 0.9423076923076923, 2.385521502001211, 2.3747628550045192, 2.409735041001113, 5, 5, 5
SOCT-benders-last-1, congressional_voting_records, 2, 1.0, 1.0, 1.0, 0.9448275862068966, 0.9517241379310345, 0.9241379310344827, 0.5877325830006157, 0.5195988129999023, 0.40210012000170536, 2, 2, 2
SOCT-benders-last-1, congressional_voting_records, 3, 1.0, 1.0, 1.0, 0.9448275862068966, 0.9517241379310345, 0.9241379310344827, 0.8293610489999992, 0.768511608002882, 0.7406411249976372, 3, 3, 3
SOCT-benders-last-1, congressional_voting_records, 4, 1.0, 1.0, 1.0, 0.9448275862068966, 0.9517241379310345, 0.9241379310344827, 1.3466445009980816, 1.3971079260008992, 1.4332820099953096, 5, 5, 5
SOCT-benders-last-1, soybean_small, 2, 1.0, 1.0, 1.0, 1.0, 1.0, 1.0, 0.25159849100600695, 0.2570905850006966, 0.27441228899988346, 3, 3, 3
SOCT-benders-last-1, soybean_small, 3, 1.0, 1.0, 1.0, 1.0, 1.0, 1.0, 0.3646553579965257, 0.35252276699611684, 0.36925432899442967, 3, 3, 3
SOCT-benders-last-1, soybean_small, 4, 1.0, 1.0, 1.0, 1.0, 1.0, 1.0, 0.447204647003673, 0.4351576459957869, 0.45473364199278876, 5, 5, 5
SOCT-benders-last-1, iris, 2, 1.0, 1.0, 0.99, 0.98, 0.96, 0.94, 0.3042055289988639, 0.4373334030024125, 0.7613879440032179, 2, 2, 2
SOCT-benders-last-1, iris, 3, 1.0, 1.0, 1.0, 0.98, 0.96, 0.94, 0.43390802800422534, 0.6816508970005088, 1.558559746001265, 3, 3, 5
SOCT-benders-last-1, iris, 4, 1.0, 1.0, 1.0, 0.98, 0.96, 0.94, 0.5734566179962712, 0.8024982179995277, 1.735629965995031, 5, 5, 15
SOCT-benders-last-1, wine, 2, 1.0, 1.0, 1.0, 0.9833333333333333, 0.9491525423728814, 1.0, 0.28608135400281753, 0.2892891159935971, 0.28560126299998956, 2, 2, 2
SOCT-benders-last-1, wine, 3, 1.0, 1.0, 1.0, 0.9833333333333333, 0.9491525423728814, 1.0, 0.39697908100060886, 0.3783065650059143, 0.3877217959961854, 3, 3, 3
SOCT-benders-last-1, wine, 4, 1.0, 1.0, 1.0, 0.9833333333333333, 0.9491525423728814, 1.0, 0.6104842279964942, 0.5807591439952375, 0.5701424529979704, 5, 5, 5
SOCT-benders-last-1, breast_cancer, 2, 1.0, 1.0, 1.0, 0.9473684210526315, 0.9368421052631579, 0.9788359788359788, 1.1206790839933092, 0.4903732749953633, 0.7412650369951734, 2, 2, 2
SOCT-benders-last-1, breast_cancer, 3, 1.0, 1.0, 1.0, 0.9368421052631579, 0.9368421052631579, 0.9788359788359788, 1.1947492729959777, 0.8551994180015754, 1.1149988530014525, 3, 3, 3
SOCT-benders-last-1, breast_cancer, 4, 1.0, 1.0, 1.0, 0.9368421052631579, 0.9368421052631579, 0.9788359788359788, 2.0208281079976587, 1.9347366340007284, 2.0031663569970988, 5, 5, 5
SOCT-benders-last-1, banknote_authentication, 2, 1.0, 1.0, 1.0, 1.0, 0.9846827133479212, 1.0, 0.8430470180028351, 2.9086617109933286, 0.9928438779970747, 2, 3, 3
SOCT-benders-last-1, banknote_authentication, 3, 1.0, 1.0, 1.0, 1.0, 0.9846827133479212, 1.0, 1.476740947997314, 2.852644415004761, 1.500249521996011, 3, 7, 7
SOCT-benders-last-1, banknote_authentication, 4, 1.0, 1.0, 1.0, 1.0, 0.9890590809628009, 1.0, 3.0256473580011516, 49.95305556999665, 3.2313000340000144, 5, 15, 5
SOCT-benders-last-1, blood_transfusion, 2, 0.7911646586345381, 0.7855711422845691, 0.781563126252505, 0.772, 0.7670682730923695, 0.7630522088353414, 601.4491133050033, 601.3205796160037, 601.3627438190015, 2, 3, 2
SOCT-benders-last-1, blood_transfusion, 3, 0.7650602409638554, 0.781563126252505, 0.7915831663326653, 0.76, 0.7670682730923695, 0.7469879518072289, 605.0255719580018, 608.2381322610017, 604.8402939369989, 3, 5, 3
SOCT-benders-last-1, blood_transfusion, 4, 0.7811244979919679, 0.7835671342685371, 0.7875751503006012, 0.764, 0.7630522088353414, 0.7550200803212851, 603.2122708219977, 609.9721918710056, 608.8366805819969, 5, 15, 5
SOCT-benders-last-1, ionosphere, 2, 1.0, 1.0, 1.0, 0.8974358974358975, 0.8547008547008547, 0.8803418803418803, 2.324789767008042, 0.9274288390006404, 0.7851474869967205, 2, 2, 2
SOCT-benders-last-1, ionosphere, 3, 1.0, 1.0, 1.0, 0.8547008547008547, 0.8547008547008547, 0.8803418803418803, 1.3039611919957679, 1.4864725389925297, 1.0756987089989707, 3, 3, 3
SOCT-benders-last-1, ionosphere, 4, 1.0, 1.0, 1.0, 0.8547008547008547, 0.8632478632478633, 0.8803418803418803, 1.8530634769995231, 2.0802469689951977, 1.5563943599991035, 5, 5, 5
SOCT-benders-last-1, parkinsons, 2, 1.0, 1.0, 1.0, 0.8, 0.7692307692307693, 0.8153846153846154, 0.5491594639897812, 0.49045381500036456, 0.9911194309970597, 3, 3, 2
SOCT-benders-last-1, parkinsons, 3, 1.0, 1.0, 1.0, 0.8307692307692308, 0.8153846153846154, 0.7692307692307693, 10.517462175004766, 0.7487474249937804, 0.7129755170026328, 3, 3, 3
SOCT-benders-last-1, parkinsons, 4, 1.0, 1.0, 1.0, 0.9076923076923077, 0.8307692307692308, 0.8153846153846154, 1.0619664170080796, 1.5373847849987214, 0.9515879409882473, 5, 5, 5
SOCT-benders-last-10, balance_scale, 2, 1.0, 1.0, 1.0, 0.9712918660287081, 0.9855769230769231, 0.9423076923076923, 1.068921792000765, 1.052481809994788, 1.0475033529946813, 2, 2, 2
SOCT-benders-last-10, balance_scale, 3, 1.0, 1.0, 1.0, 0.9712918660287081, 0.9855769230769231, 0.9423076923076923, 1.4823635710054077, 1.4885556499939412, 1.5128073430096265, 3, 3, 3
SOCT-benders-last-10, balance_scale, 4, 1.0, 1.0, 1.0, 0.9712918660287081, 0.9855769230769231, 0.9423076923076923, 2.3620416630001273, 2.3498520199937047, 2.3887074189988198, 5, 5, 5
SOCT-benders-last-10, congressional_voting_records, 2, 1.0, 1.0, 1.0, 0.9448275862068966, 0.9517241379310345, 0.9241379310344827, 0.6270974290091544, 0.5636289740068605, 0.3997126600006595, 2, 2, 2
SOCT-benders-last-10, congressional_voting_records, 3, 1.0, 1.0, 1.0, 0.9448275862068966, 0.9517241379310345, 0.9241379310344827, 0.807551424994017, 0.7621199980058009, 0.7321456229983596, 3, 3, 3
SOCT-benders-last-10, congressional_voting_records, 4, 1.0, 1.0, 1.0, 0.9448275862068966, 0.9517241379310345, 0.9241379310344827, 1.3682547049975256, 1.387286329001654, 1.4265206179989036, 5, 5, 5
SOCT-benders-last-10, soybean_small, 2, 1.0, 1.0, 1.0, 1.0, 1.0, 1.0, 0.2501001950004138, 0.26119194099737797, 0.27223027900618035, 3, 3, 3
SOCT-benders-last-10, soybean_small, 3, 1.0, 1.0, 1.0, 1.0, 1.0, 1.0, 0.36371455001062714, 0.34962495700165164, 0.3659180880058557, 3, 3, 3
SOCT-benders-last-10, soybean_small, 4, 1.0, 1.0, 1.0, 1.0, 1.0, 1.0, 0.4438305140065495, 0.43173889300669543, 0.4512020499969367, 5, 5, 5
SOCT-benders-last-10, iris, 2, 1.0, 1.0, 0.99, 0.98, 0.96, 0.94, 0.3009752720099641, 0.39580416299577337, 0.8818473209976219, 2, 2, 2
SOCT-benders-last-10, iris, 3, 1.0, 1.0, 1.0, 0.98, 0.96, 0.94, 0.4381586689996766, 0.5438475190021563, 0.780427489997237, 3, 3, 5
SOCT-benders-last-10, iris, 4, 1.0, 1.0, 1.0, 0.98, 0.96, 1.0, 0.5553123980062082, 0.8673286359990016, 1.3351207010127837, 5, 5, 15
SOCT-benders-last-10, wine, 2, 1.0, 1.0, 1.0, 0.9833333333333333, 0.9491525423728814, 1.0, 0.31248724400938954, 0.2924669089989038, 0.28616209101164714, 2, 2, 2
SOCT-benders-last-10, wine, 3, 1.0, 1.0, 1.0, 0.9833333333333333, 0.9491525423728814, 1.0, 0.42048743399209343, 0.3806525839900132, 0.3920271130045876, 3, 3, 3
SOCT-benders-last-10, wine, 4, 1.0, 1.0, 1.0, 0.9833333333333333, 0.9491525423728814, 1.0, 0.6507000040001003, 0.5834653439960675, 0.5739709170011338, 5, 5, 5
SOCT-benders-last-10, breast_cancer, 2, 1.0, 1.0, 1.0, 0.9473684210526315, 0.9368421052631579, 0.9788359788359788, 1.050198865996208, 0.49405497300904244, 0.7761071400018409, 2, 2, 2
SOCT-benders-last-10, breast_cancer, 3, 1.0, 1.0, 1.0, 0.9368421052631579, 0.9368421052631579, 0.9788359788359788, 1.2762634059909033, 0.8966989320033463, 1.1597180940007092, 3, 3, 3
SOCT-benders-last-10, breast_cancer, 4, 1.0, 1.0, 1.0, 0.9368421052631579, 0.9368421052631579, 0.9788359788359788, 2.0491825110075297, 1.7892889570066473, 2.0371957710012794, 5, 5, 5
SOCT-benders-last-10, banknote_authentication, 2, 1.0, 1.0, 1.0, 1.0, 0.986870897155361, 1.0, 0.8429176370118512, 10.613784618995851, 1.0041261189908255, 2, 3, 3
SOCT-benders-last-10, banknote_authentication, 3, 1.0, 1.0, 1.0, 1.0, 0.9934354485776805, 1.0, 1.4621476330066798, 2.2285628789977636, 1.5233394560054876, 3, 5, 7
SOCT-benders-last-10, banknote_authentication, 4, 1.0, 1.0, 1.0, 1.0, 1.0, 1.0, 3.050984403002076, 12.306851764005842, 3.283262527998886, 5, 15, 5
SOCT-benders-last-10, blood_transfusion, 2, 0.785140562248996, 0.7875751503006012, 0.781563126252505, 0.76, 0.7630522088353414, 0.7630522088353414, 601.9060505079979, 601.1441014650045, 601.2036214830005, 2, 3, 2
SOCT-benders-last-10, blood_transfusion, 3, 0.7751004016064257, 0.7895791583166333, 0.7875751503006012, 0.76, 0.7630522088353414, 0.7590361445783133, 602.1707703720022, 602.6840683900082, 607.5789631469961, 7, 7, 7
SOCT-benders-last-10, blood_transfusion, 4, 0.7730923694779116, 0.7675350701402806, 0.7835671342685371, 0.756, 0.7670682730923695, 0.7670682730923695, 623.350644021004, 602.7199999160075, 612.9430313409975, 15, 15, 5
SOCT-benders-last-10, ionosphere, 2, 1.0, 1.0, 1.0, 0.8717948717948718, 0.8547008547008547, 0.8803418803418803, 1.4813618769985624, 0.9217042219970608, 0.7839836329949321, 2, 2, 2
SOCT-benders-last-10, ionosphere, 3, 1.0, 1.0, 1.0, 0.8547008547008547, 0.8547008547008547, 0.8803418803418803, 1.3007050610031001, 1.482408616997418, 1.0768311269930564, 3, 3, 3
SOCT-benders-last-10, ionosphere, 4, 1.0, 1.0, 1.0, 0.8547008547008547, 0.8632478632478633, 0.8803418803418803, 1.8368275969987735, 2.071974295002292, 1.5180352960014716, 5, 5, 5
SOCT-benders-last-10, parkinsons, 2, 1.0, 1.0, 1.0, 0.8, 0.7692307692307693, 0.8615384615384616, 0.546870892008883, 0.48846069400315173, 0.9307486909965519, 3, 3, 2
SOCT-benders-last-10, parkinsons, 3, 1.0, 1.0, 1.0, 0.8461538461538461, 0.7076923076923077, 0.7692307692307693, 1.282188772005611, 11.855397411010927, 0.7145018970040837, 3, 3, 3
SOCT-benders-last-10, parkinsons, 4, 1.0, 1.0, 1.0, 0.9076923076923077, 0.8307692307692308, 0.8153846153846154, 1.084486840001773, 1.5210618240089389, 0.9851475339964963, 5, 5, 5
SOCT-init-1, balance_scale, 2, 1.0, 1.0, 1.0, 0.9712918660287081, 0.9855769230769231, 0.9423076923076923, 1.3923276029963745, 1.5160960659995908, 1.4650572130049113, 2, 2, 2
SOCT-init-1, balance_scale, 3, 1.0, 1.0, 1.0, 0.9712918660287081, 0.9855769230769231, 0.9423076923076923, 2.1775590750039555, 2.234707947005518, 2.2816027130029397, 3, 3, 3
SOCT-init-1, balance_scale, 4, 1.0, 1.0, 1.0, 0.9712918660287081, 0.9855769230769231, 0.9423076923076923, 3.4411327690031612, 3.5570538900065003, 3.510716989010689, 5, 5, 5
SOCT-init-1, congressional_voting_records, 2, 1.0, 1.0, 1.0, 0.9448275862068966, 0.9517241379310345, 0.9241379310344827, 0.7134258849982871, 0.6085750570055097, 0.605178589001298, 2, 2, 2
SOCT-init-1, congressional_voting_records, 3, 1.0, 1.0, 1.0, 0.9448275862068966, 0.9517241379310345, 0.9241379310344827, 1.2662079669971718, 1.2314552110037766, 1.2337036749959225, 3, 3, 3
SOCT-init-1, congressional_voting_records, 4, 1.0, 1.0, 1.0, 0.9448275862068966, 0.9517241379310345, 0.9241379310344827, 2.7759868319990346, 2.4373574789933627, 2.4383994139934657, 5, 5, 5
SOCT-init-1, soybean_small, 2, 1.0, 1.0, 1.0, 1.0, 1.0, 1.0, 0.2799230860109674, 0.2846788570022909, 0.30173633599770255, 3, 3, 3
SOCT-init-1, soybean_small, 3, 1.0, 1.0, 1.0, 1.0, 1.0, 1.0, 0.4451079129939899, 0.43464975399547257, 0.4521910379990004, 3, 3, 3
SOCT-init-1, soybean_small, 4, 1.0, 1.0, 1.0, 1.0, 1.0, 1.0, 0.6034183299925644, 0.5932704920123797, 0.590908603000571, 5, 5, 5
SOCT-init-1, iris, 2, 1.0, 0.99, 0.99, 0.98, 0.98, 0.94, 0.3706228969967924, 0.624466481996933, 0.575419001004775, 2, 2, 2
SOCT-init-1, iris, 3, 1.0, 1.0, 1.0, 0.98, 0.96, 0.94, 0.5054749260016251, 0.8169870739948237, 1.6851174929906847, 3, 3, 7
SOCT-init-1, iris, 4, 1.0, 1.0, 1.0, 0.98, 0.96, 0.96, 0.6536273600067943, 0.876233172006323, 2.3777767659921665, 5, 15, 5
SOCT-init-1, wine, 2, 1.0, 1.0, 1.0, 0.9833333333333333, 0.9491525423728814, 1.0, 0.3393405060051009, 0.34295647899853066, 0.3382680100039579, 2, 2, 2
SOCT-init-1, wine, 3, 1.0, 1.0, 1.0, 0.9833333333333333, 0.9491525423728814, 1.0, 0.5278238469909411, 0.5155187289929017, 0.5165742200042587, 3, 3, 3
SOCT-init-1, wine, 4, 1.0, 1.0, 1.0, 0.9833333333333333, 0.9491525423728814, 1.0, 0.8490582550002728, 0.8121259009931237, 0.8189264069951605, 5, 5, 5
SOCT-init-1, breast_cancer, 2, 1.0, 1.0, 1.0, 0.9263157894736842, 0.9368421052631579, 0.9788359788359788, 2.9364226839970797, 0.8108984120044624, 1.0603622190101305, 2, 2, 2
SOCT-init-1, breast_cancer, 3, 1.0, 1.0, 1.0, 0.9368421052631579, 0.9368421052631579, 0.9788359788359788, 1.901398591013276, 1.849462357989978, 1.828349806004553, 3, 3, 3
SOCT-init-1, breast_cancer, 4, 1.0, 1.0, 1.0, 0.9368421052631579, 0.9368421052631579, 0.9788359788359788, 3.6799906809901586, 3.53530335900723, 3.7217930470069405, 5, 5, 5
SOCT-init-1, banknote_authentication, 2, 1.0, 1.0, 1.0, 1.0, 0.9978118161925602, 1.0, 1.4087403230078053, 22.554090556994197, 1.7715984560054494, 2, 2, 3
SOCT-init-1, banknote_authentication, 3, 1.0, 1.0, 1.0, 1.0, 0.9978118161925602, 1.0, 2.6666447000025073, 14.032626517990138, 3.428472719999263, 3, 3, 3
SOCT-init-1, banknote_authentication, 4, 1.0, 1.0, 1.0, 1.0, 0.9912472647702407, 1.0, 4.757657673006179, 13.333395344001474, 5.947606952991919, 5, 15, 15
SOCT-init-1, blood_transfusion, 2, 0.7931726907630522, 0.8136272545090181, 0.8036072144288577, 0.804, 0.7751004016064257, 0.7590361445783133, 601.4441848720016, 601.4028364139958, 601.3991093030054, 3, 3, 3
SOCT-init-1, blood_transfusion, 3, 0.785140562248996, 0.8136272545090181, 0.8096192384769539, 0.764, 0.7831325301204819, 0.7630522088353414, 602.2322283230023, 602.3506559999951, 602.2379674630065, 3, 7, 3
SOCT-init-1, blood_transfusion, 4, 0.7891566265060241, 0.8036072144288577, 0.7835671342685371, 0.76, 0.7590361445783133, 0.7670682730923695, 603.521069622002, 603.6360640790081, 603.5208863340085, 15, 15, 10
SOCT-init-1, ionosphere, 2, 1.0, 1.0, 1.0, 0.8803418803418803, 0.8803418803418803, 0.8803418803418803, 8.385701240011258, 1.2106509460136294, 0.9824262750043999, 2, 2, 2
SOCT-init-1, ionosphere, 3, 1.0, 1.0, 1.0, 0.8547008547008547, 0.8717948717948718, 0.8803418803418803, 1.8683958530018572, 2.114842167007737, 1.5049865249893628, 3, 3, 3
SOCT-init-1, ionosphere, 4, 1.0, 1.0, 1.0, 0.8547008547008547, 0.8632478632478633, 0.8803418803418803, 2.8995013210223988, 3.0269419790129177, 2.5050529980217107, 5, 5, 5
SOCT-init-1, parkinsons, 2, 1.0, 1.0, 1.0, 0.8615384615384616, 0.8923076923076924, 0.7384615384615385, 2.7756102670100518, 2.1501874679815955, 2.276327515981393, 3, 2, 2
SOCT-init-1, parkinsons, 3, 1.0, 1.0, 1.0, 0.8923076923076924, 0.7692307692307693, 0.8461538461538461, 6.254675539996242, 5.590708599018399, 3.6647494139906485, 3, 3, 3
SOCT-init-1, parkinsons, 4, 1.0, 1.0, 1.0, 0.9076923076923077, 0.7692307692307693, 0.8153846153846154, 1.5143117849947885, 2.536574075988028, 1.4153230150113814, 5, 5, 5
SOCT-init-5, balance_scale, 2, 1.0, 1.0, 1.0, 0.9712918660287081, 0.9855769230769231, 0.9423076923076923, 1.5362244759744499, 1.435113701998489, 1.3958464419993106, 2, 2, 2
SOCT-init-5, balance_scale, 3, 1.0, 1.0, 1.0, 0.9712918660287081, 0.9855769230769231, 0.9423076923076923, 2.1063872550148517, 2.1605567329970654, 2.2966651449969504, 3, 3, 3
SOCT-init-5, balance_scale, 4, 1.0, 1.0, 1.0, 0.9712918660287081, 0.9855769230769231, 0.9423076923076923, 3.291981943999417, 3.729003621992888, 3.816603433981072, 5, 5, 5
SOCT-init-5, congressional_voting_records, 2, 1.0, 1.0, 1.0, 0.9448275862068966, 0.9517241379310345, 0.9241379310344827, 0.7763618349854369, 0.6121439490234479, 0.60445355399861, 2, 2, 2
SOCT-init-5, congressional_voting_records, 3, 1.0, 1.0, 1.0, 0.9448275862068966, 0.9517241379310345, 0.9241379310344827, 1.2427506200037897, 1.2302469440037385, 1.2411163090146147, 3, 3, 3
SOCT-init-5, congressional_voting_records, 4, 1.0, 1.0, 1.0, 0.9448275862068966, 0.9517241379310345, 0.9241379310344827, 2.774307312007295, 2.448348187986994, 2.4352276790014002, 5, 5, 5
SOCT-init-5, soybean_small, 2, 1.0, 1.0, 1.0, 1.0, 1.0, 1.0, 0.281511948996922, 0.28791575101786293, 0.3013850719726179, 3, 3, 3
SOCT-init-5, soybean_small, 3, 1.0, 1.0, 1.0, 1.0, 1.0, 1.0, 0.44683029199950397, 0.43307538400404155, 0.4506112709932495, 3, 3, 3
SOCT-init-5, soybean_small, 4, 1.0, 1.0, 1.0, 1.0, 1.0, 1.0, 0.604065466002794, 0.5928149970131926, 0.6166066089936066, 5, 5, 5
SOCT-init-5, iris, 2, 1.0, 0.99, 0.99, 0.98, 0.98, 0.94, 0.3705480970093049, 0.6191874560026918, 0.5512519790208898, 2, 2, 2
SOCT-init-5, iris, 3, 1.0, 1.0, 1.0, 0.98, 0.96, 0.96, 0.5048275340232067, 0.8378040009993128, 0.8706983010051772, 3, 3, 7
SOCT-init-5, iris, 4, 1.0, 1.0, 1.0, 0.98, 0.96, 0.96, 0.673410187009722, 0.8489570709934924, 3.2222071920114104, 5, 15, 5
SOCT-init-5, wine, 2, 1.0, 1.0, 1.0, 0.9833333333333333, 0.9491525423728814, 1.0, 0.33693805400980636, 0.3455534309905488, 0.3451211039791815, 2, 2, 2
SOCT-init-5, wine, 3, 1.0, 1.0, 1.0, 0.9833333333333333, 0.9491525423728814, 1.0, 0.5286432580032852, 0.5180160059826449, 0.517078054981539, 3, 3, 3
SOCT-init-5, wine, 4, 1.0, 1.0, 1.0, 0.9833333333333333, 0.9491525423728814, 1.0, 0.8479789470147807, 0.838232384994626, 0.8224570599850267, 5, 5, 5
SOCT-init-5, breast_cancer, 2, 1.0, 1.0, 1.0, 0.9263157894736842, 0.9368421052631579, 0.9788359788359788, 2.7386338810028974, 0.7957600959925912, 1.0443538000108674, 2, 2, 2
SOCT-init-5, breast_cancer, 3, 1.0, 1.0, 1.0, 0.9368421052631579, 0.9368421052631579, 0.9788359788359788, 2.008989067020593, 1.9811605789873283, 1.924625059007667, 3, 3, 3
SOCT-init-5, breast_cancer, 4, 1.0, 1.0, 1.0, 0.9368421052631579, 0.9368421052631579, 0.9788359788359788, 3.7065531729895156, 3.577279055985855, 3.7662377129890956, 5, 5, 5
SOCT-init-5, banknote_authentication, 2, 1.0, 1.0, 1.0, 1.0, 0.9978118161925602, 1.0, 1.4410080570087302, 129.1624988859985, 2.4151435189996846, 2, 3, 3
SOCT-init-5, banknote_authentication, 3, 1.0, 1.0, 1.0, 1.0, 1.0, 1.0, 3.210111311986111, 35.114042367989896, 3.25513650701032, 3, 3, 7
SOCT-init-5, banknote_authentication, 4, 1.0, 1.0, 1.0, 1.0, 0.9956236323851203, 1.0, 4.639082356996369, 8.699447956983931, 8.396652027993696, 5, 15, 15
SOCT-init-5, blood_transfusion, 2, 0.7811244979919679, 0.7915831663326653, 0.8096192384769539, 0.76, 0.7590361445783133, 0.7469879518072289, 601.6292739240162, 601.7863949559978, 601.7998129250191, 2, 3, 3
SOCT-init-5, blood_transfusion, 3, 0.7931726907630522, 0.7915831663326653, 0.8216432865731463, 0.78, 0.7670682730923695, 0.7309236947791165, 602.4870494119823, 602.5197545429983, 602.4903700540017, 3, 3, 5
SOCT-init-5, blood_transfusion, 4, 0.7931726907630522, 0.7835671342685371, 0.8236472945891784, 0.772, 0.7550200803212851, 0.7670682730923695, 603.7452374509885, 603.9230775070027, 603.7670973270142, 10, 5, 5
SOCT-init-5, ionosphere, 2, 1.0, 1.0, 1.0, 0.8974358974358975, 0.8803418803418803, 0.8803418803418803, 14.704648301994894, 1.2006391059840098, 0.9802936729975045, 2, 2, 2
SOCT-init-5, ionosphere, 3, 1.0, 1.0, 1.0, 0.8547008547008547, 0.8717948717948718, 0.8803418803418803, 2.193649508000817, 2.124447555979714, 1.5098905279883184, 3, 3, 3
SOCT-init-5, ionosphere, 4, 1.0, 1.0, 1.0, 0.8547008547008547, 0.8632478632478633, 0.8803418803418803, 3.140399439027533, 3.044978143007029, 2.4793474749894813, 5, 5, 5
SOCT-init-5, parkinsons, 2, 1.0, 1.0, 1.0, 0.8923076923076924, 0.8461538461538461, 0.8615384615384616, 2.936563428986119, 0.9267941790167242, 3.0135364329908043, 3, 2, 2
SOCT-init-5, parkinsons, 3, 1.0, 1.0, 1.0, 0.8307692307692308, 0.8769230769230769, 0.8307692307692308, 9.973135993001051, 1.2716865249967668, 3.898508628975833, 3, 3, 3
SOCT-init-5, parkinsons, 4, 1.0, 1.0, 1.0, 0.9076923076923077, 0.7846153846153846, 0.8153846153846154, 1.525652676995378, 2.539746511989506, 1.4403881970210932, 5, 5, 5
OCT-reimplementation, balance_scale, 2, 0.7019230769230769, 0.7074340527577938, 0.6690647482014388, 0.6411483253588517, 0.6298076923076923, 0.7067307692307693, 7.078196257352829, 7.329326876904815, 8.083812669850886, 2, 2, 2
OCT-reimplementation, balance_scale, 3, 0.7307692307692307, 0.7458033573141487, 0.7362110311750599, 0.6650717703349283, 0.6682692307692307, 0.7067307692307693, 565.4882169566117, 600.5114477090538, 600.4832412153482, 3, 5, 7
OCT-reimplementation, balance_scale, 4, 0.7836538461538461, 0.7601918465227818, 0.7793764988009593, 0.7081339712918661, 0.6730769230769231, 0.6826923076923077, 601.2288479581475, 601.1998425261118, 601.2396000530571, 15, 10, 15
OCT-reimplementation, congressional_voting_records, 2, 0.9689655172413794, 0.9551724137931035, 0.9689655172413794, 0.9379310344827586, 0.9724137931034482, 0.9379310344827586, 14.728220702148974, 20.643722037784755, 13.977622979786247, 3, 3, 3
OCT-reimplementation, congressional_voting_records, 3, 0.9724137931034482, 0.9620689655172414, 0.9793103448275862, 0.9448275862068966, 0.9655172413793104, 0.9172413793103448, 600.5552569529973, 585.4543438339606, 600.8446266851388, 3, 3, 5
OCT-reimplementation, congressional_voting_records, 4, 0.993103448275862, 0.9793103448275862, 0.9793103448275862, 0.9586206896551724, 0.9655172413793104, 0.9172413793103448, 601.3162391730584, 601.3305966276675, 601.2970038368367, 10, 10, 5
OCT-reimplementation, soybean_small, 2, 0.8064516129032258, 1.0, 1.0, 0.75, 1.0, 1.0, 0.4537110631354153, 0.02840689104050398, 0.029187164269387722, 2, 3, 3
OCT-reimplementation, soybean_small, 3, 1.0, 1.0, 1.0, 1.0, 1.0, 1.0, 0.07072757091373205, 0.07059594197198749, 0.07228215597569942, 3, 5, 3
OCT-reimplementation, soybean_small, 4, 1.0, 1.0, 1.0, 0.9375, 1.0, 1.0, 0.17512732604518533, 0.17499284725636244, 0.18122201599180698, 10, 10, 10
OCT-reimplementation, iris, 2, 0.97, 0.95, 0.97, 0.9, 0.96, 0.94, 2.35560196172446, 10.189690395258367, 7.488556275609881, 2, 2, 3
OCT-reimplementation, iris, 3, 0.98, 0.96, 0.99, 0.98, 0.96, 0.96, 44.33343245787546, 141.62006900832057, 4.560701510868967, 3, 5, 3
OCT-reimplementation, iris, 4, 1.0, 0.98, 0.98, 0.92, 0.94, 0.94, 6.822176001034677, 600.3376303776167, 0.3320642872713506, 5, 5, 5
OCT-reimplementation, wine, 2, 0.9322033898305084, 0.9747899159663865, 0.907563025210084, 0.8666666666666667, 0.9322033898305084, 0.864406779661017, 24.69370238017291, 45.291265225969255, 22.22638169117272, 2, 3, 2
OCT-reimplementation, wine, 3, 0.9661016949152542, 0.9831932773109243, 0.9915966386554622, 0.95, 0.9491525423728814, 0.9152542372881356, 600.1836864836514, 600.1922287913039, 0.1979647409170866, 3, 3, 3
OCT-reimplementation, wine, 4, 0.9830508474576272, 0.9831932773109243, 0.9915966386554622, 0.9833333333333333, 0.864406779661017, 0.9152542372881356, 237.70163038140163, 0.4591470523737371, 0.441972638014704, 5, 5, 5
OCT-reimplementation, breast_cancer, 2, 0.9498680738786279, 0.9630606860158312, 0.95, 0.9421052631578948, 0.9263157894736842, 0.9417989417989417, 600.2778734271415, 600.3111500400119, 600.282716921065, 2, 2, 2
OCT-reimplementation, breast_cancer, 3, 0.9577836411609498, 0.9920844327176781, 0.9631578947368421, 0.9421052631578948, 0.9263157894736842, 0.9523809523809523, 600.678670912981, 600.7165344217792, 600.6737794559449, 3, 7, 7
OCT-reimplementation, breast_cancer, 4, 0.9656992084432717, 0.9894459102902374, 0.968421052631579, 0.9315789473684211, 0.9210526315789473, 0.9523809523809523, 601.6938304100186, 601.672936017625, 601.6828419528902, 5, 5, 15
OCT-reimplementation, banknote_authentication, 2, 0.9135667396061269, 0.9355191256830601, 0.9224043715846995, 0.9061135371179039, 0.9015317286652079, 0.8949671772428884, 600.4420045739971, 600.4687490318902, 600.4434238886461, 3, 3, 3
OCT-reimplementation, banknote_authentication, 3, 0.9671772428884027, 0.9748633879781421, 0.966120218579235, 0.962882096069869, 0.9540481400437637, 0.962800875273523, 601.0481162876822, 601.0881453468464, 601.0888657402247, 5, 7, 7
OCT-reimplementation, banknote_authentication, 4, 0.9923413566739606, 0.9912568306010929, 0.994535519125683, 0.980349344978166, 0.9649890590809628, 0.9824945295404814, 602.6794435661286, 602.6369084338658, 602.6364359660074, 10, 10, 10
OCT-reimplementation, blood_transfusion, 2, 0.7771084337349398, 0.7775551102204409, 0.781563126252505, 0.752, 0.7550200803212851, 0.751004016064257, 163.09943764004856, 214.3973770700395, 142.23016567900777, 2, 2, 2
OCT-reimplementation, blood_transfusion, 3, 0.7931726907630522, 0.7935871743486974, 0.7995991983967936, 0.8, 0.7630522088353414, 0.7751004016064257, 600.611780396197, 600.6260021720082, 601.1364972959273, 3, 3, 3
OCT-reimplementation, blood_transfusion, 4, 0.8092369477911646, 0.8036072144288577, 0.8336673346693386, 0.78, 0.7469879518072289, 0.7630522088353414, 601.473477340769, 601.4007718930952, 601.4692596690729, 10, 5, 10
OCT-reimplementation, ionosphere, 2, 0.905982905982906, 0.9401709401709402, 0.905982905982906, 0.9145299145299145, 0.8290598290598291, 0.8034188034188035, 600.1633570743725, 600.1593698067591, 600.1651943647303, 2, 2, 2
OCT-reimplementation, ionosphere, 3, 0.9230769230769231, 0.9487179487179487, 0.905982905982906, 0.9316239316239316, 0.8205128205128205, 0.905982905982906, 600.3956425911747, 600.4180322191678, 600.4011903502978, 3, 3, 3
OCT-reimplementation, ionosphere, 4, 0.9529914529914529, 0.9658119658119658, 0.9273504273504274, 0.9145299145299145, 0.8376068376068376, 0.8034188034188035, 601.0624720910564, 601.0189884677529, 601.0243855733424, 10, 5, 15
OCT-reimplementation, parkinsons, 2, 0.9230769230769231, 0.9384615384615385, 0.9076923076923077, 0.8923076923076924, 0.8461538461538461, 0.8153846153846154, 600.1078663999215, 600.1203964920714, 600.1213708138093, 3, 3, 2
OCT-reimplementation, parkinsons, 3, 0.9076923076923077, 0.9692307692307692, 0.9615384615384616, 0.8923076923076924, 0.8769230769230769, 0.8615384615384616, 600.2361044711433, 600.2432471876964, 600.2281749281101, 3, 5, 5
OCT-reimplementation, parkinsons, 4, 0.9461538461538461, 0.9461538461538461, 0.9692307692307692, 0.8615384615384616, 0.8153846153846154, 0.8461538461538461, 68.48464259086177, 600.5307559892535, 600.5188858811744, 15, 5, 5
OCT-H-reimplementation, balance_scale, 2, 1.0, 1.0, 1.0, 0.9521531100478469, 0.9807692307692307, 0.9326923076923077, 0.9172502411529422, 0.9262888939119875, 0.9464768562465906, 2, 2, 2
OCT-H-reimplementation, balance_scale, 3, 1.0, 1.0, 1.0, 0.9665071770334929, 0.9759615384615384, 0.9423076923076923, 1.2571773319505155, 1.2544118291698396, 1.2782444381155074, 3, 3, 3
OCT-H-reimplementation, balance_scale, 4, 1.0, 1.0, 1.0, 0.9665071770334929, 0.9759615384615384, 0.9423076923076923, 2.0068816849961877, 2.0216496330685914, 2.0767588294111192, 5, 5, 5
OCT-H-reimplementation, congressional_voting_records, 2, 1.0, 1.0, 1.0, 0.9379310344827586, 0.9517241379310345, 0.9379310344827586, 0.4043295471929014, 0.6099132387898862, 0.37131627928465605, 2, 2, 2
OCT-H-reimplementation, congressional_voting_records, 3, 1.0, 1.0, 1.0, 0.9517241379310345, 0.9448275862068966, 0.9310344827586207, 0.938365563750267, 0.7420083158649504, 0.7060999940149486, 3, 3, 3
OCT-H-reimplementation, congressional_voting_records, 4, 1.0, 1.0, 1.0, 0.9379310344827586, 0.9241379310344827, 0.9310344827586207, 1.679337446577847, 2.0222772220149636, 1.6506806123070419, 5, 5, 5
OCT-H-reimplementation, soybean_small, 2, 1.0, 1.0, 1.0, 0.875, 0.875, 1.0, 0.9395991628989577, 0.8117022910155356, 0.2849859707057476, 2, 2, 3
OCT-H-reimplementation, soybean_small, 3, 1.0, 1.0, 1.0, 1.0, 0.9375, 1.0, 0.3776941900141537, 0.36788381496444345, 0.3861087141558528, 3, 3, 3
OCT-H-reimplementation, soybean_small, 4, 1.0, 1.0, 1.0, 1.0, 0.9375, 1.0, 0.511716921813786, 0.501825142186135, 0.5519199767149985, 5, 5, 5
OCT-H-reimplementation, iris, 2, 1.0, 1.0, 0.99, 0.98, 0.92, 0.94, 0.41823541605845094, 0.4488103589974344, 1.344962373841554, 2, 3, 3
OCT-H-reimplementation, iris, 3, 1.0, 1.0, 1.0, 0.9, 0.94, 0.94, 0.40233441535383463, 0.8501144959591329, 3.692574131768197, 3, 7, 3
OCT-H-reimplementation, iris, 4, 1.0, 1.0, 1.0, 0.9, 0.96, 0.94, 0.5850873319432139, 1.0312301013618708, 2.7524818661622703, 5, 5, 5
OCT-H-reimplementation, wine, 2, 1.0, 1.0, 1.0, 0.9, 0.847457627118644, 0.8813559322033898, 0.26880591409280896, 0.2710976027883589, 0.27368960715830326, 2, 2, 2
OCT-H-reimplementation, wine, 3, 1.0, 1.0, 1.0, 0.9, 0.847457627118644, 0.8813559322033898, 0.37127964198589325, 0.3713134457357228, 0.37455271696671844, 3, 3, 3
OCT-H-reimplementation, wine, 4, 1.0, 1.0, 1.0, 0.9, 0.847457627118644, 0.8813559322033898, 0.6365259559825063, 0.6110895657911897, 0.6152888792566955, 5, 5, 5
OCT-H-reimplementation, breast_cancer, 2, 1.0, 1.0, 1.0, 0.9263157894736842, 0.9263157894736842, 0.9682539682539683, 2.827528074849397, 0.4703579470515251, 0.7273252019658685, 2, 2, 2
OCT-H-reimplementation, breast_cancer, 3, 1.0, 1.0, 1.0, 0.9368421052631579, 0.9263157894736842, 0.9682539682539683, 1.2358468607999384, 0.8824212709441781, 1.1789893521927297, 3, 3, 3
OCT-H-reimplementation, breast_cancer, 4, 1.0, 1.0, 1.0, 0.9368421052631579, 0.9263157894736842, 0.9682539682539683, 2.396374932024628, 1.9990651649422944, 2.320814795792103, 5, 5, 5
OCT-H-reimplementation, banknote_authentication, 2, 1.0, 1.0, 1.0, 1.0, 0.973741794310722, 0.9978118161925602, 0.7988207498565316, 334.30182022601366, 45.11545371776447, 2, 3, 2
OCT-H-reimplementation, banknote_authentication, 3, 1.0, 1.0, 1.0, 1.0, 0.9890590809628009, 0.9934354485776805, 1.476070819888264, 516.4899457287975, 1.5238362359814346, 3, 5, 5
OCT-H-reimplementation, banknote_authentication, 4, 1.0, 1.0, 1.0, 1.0, 0.9978118161925602, 0.9934354485776805, 2.8253585901111364, 85.21007634699345, 3.026965470984578, 5, 5, 5
OCT-H-reimplementation, blood_transfusion, 2, 0.7831325301204819, 0.7995991983967936, 0.8096192384769539, 0.752, 0.7791164658634538, 0.7670682730923695, 601.2055730591528, 601.1874964293092, 601.1829686830752, 2, 2, 2
OCT-H-reimplementation, blood_transfusion, 3, 0.7831325301204819, 0.8196392785571143, 0.7855711422845691, 0.76, 0.7951807228915663, 0.7630522088353414, 601.9516068371013, 601.9796281149611, 601.9424193929881, 5, 7, 5
OCT-H-reimplementation, blood_transfusion, 4, 0.8032128514056225, 0.7995991983967936, 0.8076152304609219, 0.764, 0.7710843373493976, 0.7469879518072289, 602.9212643229403, 603.1267383340746, 603.0387680958956, 5, 5, 10
OCT-H-reimplementation, ionosphere, 2, 1.0, 1.0, 1.0, 0.905982905982906, 0.8290598290598291, 0.8717948717948718, 12.601135779172182, 3.711428144015372, 0.7461485802195966, 2, 2, 2
OCT-H-reimplementation, ionosphere, 3, 1.0, 1.0, 1.0, 0.8376068376068376, 0.8547008547008547, 0.8717948717948718, 1.2858946369960904, 23.003749346826226, 0.9940014970488846, 3, 3, 3
OCT-H-reimplementation, ionosphere, 4, 1.0, 1.0, 1.0, 0.8376068376068376, 0.8717948717948718, 0.8717948717948718, 1.9838425479829311, 2.1593809477053583, 1.6509479372762144, 5, 5, 5
OCT-H-reimplementation, parkinsons, 2, 1.0, 1.0, 1.0, 0.8923076923076924, 0.7692307692307693, 0.8769230769230769, 7.285235808696598, 2.461429193150252, 2.4091960531659424, 2, 2, 2
OCT-H-reimplementation, parkinsons, 3, 1.0, 1.0, 1.0, 0.8153846153846154, 0.7846153846153846, 0.8769230769230769, 4.6058600642718375, 19.13425653288141, 2.889318705070764, 3, 3, 3
OCT-H-reimplementation, parkinsons, 4, 1.0, 1.0, 1.0, 0.8307692307692308, 0.8153846153846154, 0.8615384615384616, 1.1820853212848306, 6.733764159027487, 1.052793525159359, 5, 5, 5
