model, dataset, max_depth, train_time, ub, lb, mip_gap, time_improvement, gap_improvement
FlowOCT, balance_scale, 2, 9.120274753000103, 426.0, 426.0, 0.0, #N/A, #N/A
FlowOCT, balance_scale, 3, 164.69234987399977, 462.0, 462.0, 0.0, #N/A, #N/A
FlowOCT, balance_scale, 4, 601.5496011949999, 619.6229166666761, 487.0, 0.27232631759071074, #N/A, #N/A
FlowOCT, congressional_voting_records, 2, 19.744860464999874, 418.0, 418.0, 0.0, #N/A, #N/A
FlowOCT, congressional_voting_records, 3, 600.5630031159999, 434.99999999999244, 423.0, 0.028368794326223263, #N/A, #N/A
FlowOCT, congressional_voting_records, 4, 601.2668718610003, 434.99999999999363, 427.0000003583537, 0.018735362142683946, #N/A, #N/A
FlowOCT, soybean_small, 2, 0.11111440300010145, 46.999999999999964, 46.999999999999964, 0.0, #N/A, #N/A
FlowOCT, soybean_small, 3, 0.38154260800001794, 47.0, 47.0, 0.0, #N/A, #N/A
FlowOCT, soybean_small, 4, 0.45875760199942306, 47.0, 47.0, 0.0, #N/A, #N/A
FlowOCT, iris, 2, 0.22505959200043435, 136.5, 136.0, 0.003676470588235294, #N/A, #N/A
FlowOCT, iris, 3, 13.84261760299978, 143.0, 143.0, 0.0, #N/A, #N/A
FlowOCT, iris, 4, 600.3725930700002, 149.9999999999998, 147.0000015, 0.020408152852976705, #N/A, #N/A
FlowOCT, wine, 2, 2.117099612999482, 168.8002270147561, 168.0, 0.004763256040214901, #N/A, #N/A
FlowOCT, wine, 3, 600.2735762250004, 177.9999999999986, 176.0, 0.01136363636362845, #N/A, #N/A
FlowOCT, wine, 4, 600.5259237350001, 177.99999999999906, 177.0, 0.005649717514118995, #N/A, #N/A
FlowOCT, breast_cancer, 2, 187.45154343100057, 536.0, 536.0, 0.0, #N/A, #N/A
FlowOCT, breast_cancer, 3, 601.0679338159998, 568.9999999999932, 546.0, 0.04212454212452963, #N/A, #N/A
FlowOCT, breast_cancer, 4, 602.2809096139999, 568.9999999999945, 551.0, 0.032667876588011874, #N/A, #N/A
FlowOCT, banknote_authentication, 2, 4.018153914000322, 1229.0, 1229.0, 0.0, #N/A, #N/A
FlowOCT, banknote_authentication, 3, 150.63255338600084, 1295.0, 1295.0, 0.0, #N/A, #N/A
FlowOCT, banknote_authentication, 4, 603.3442977159993, 1371.9999999999964, 1334.0000006546666, 0.028485756616702492, #N/A, #N/A
FlowOCT, blood_transfusion, 2, 1.1264489340010186, 577.0, 577.0, 0.0, #N/A, #N/A
FlowOCT, blood_transfusion, 3, 100.0754775509995, 587.0, 587.0, 0.0, #N/A, #N/A
FlowOCT, blood_transfusion, 4, 601.8512641359994, 746.9999999999995, 592.0000219736016, 0.2618242774884722, #N/A, #N/A
FlowOCT, ionosphere, 2, 87.91622905199984, 305.0, 305.0, 0.0, #N/A, #N/A
FlowOCT, ionosphere, 3, 600.6269701540004, 350.9999999999956, 324.0, 0.08333333333331983, #N/A, #N/A
FlowOCT, ionosphere, 4, 601.445477452, 350.99999999999466, 329.0, 0.06686930091183786, #N/A, #N/A
FlowOCT, parkinsons, 2, 29.711177571000007, 176.0, 176.0, 0.0, #N/A, #N/A
FlowOCT, parkinsons, 3, 600.3363004389994, 194.99999999999912, 185.00000050381107, 0.05405405118354067, #N/A, #N/A
FlowOCT, parkinsons, 4, 600.6907444280005, 194.99999999999883, 188.0, 0.03723404255318529, #N/A, #N/A
FlowOCT-Benders, balance_scale, 2, 2.1629831950012885, 426.0, 426.0, 0.0, #N/A, #N/A
FlowOCT-Benders, balance_scale, 3, 452.1473993719992, 462.9473684210527, 462.0, 0.0020505809979496003, #N/A, #N/A
FlowOCT-Benders, balance_scale, 4, 600.0310809439998, 544.1014492753618, 487.0, 0.1172514358836998, #N/A, #N/A
FlowOCT-Benders, congressional_voting_records, 2, 5.460832061999099, 418.0, 418.0, 0.0, #N/A, #N/A
FlowOCT-Benders, congressional_voting_records, 3, 600.0258914590013, 432.26666666666665, 422.00000387430174, 0.02432858459267449, #N/A, #N/A
FlowOCT-Benders, congressional_voting_records, 4, 600.0344163810005, 435.0, 427.0000038086892, 0.0187353539108985, #N/A, #N/A
FlowOCT-Benders, soybean_small, 2, 0.40952114799983974, 47.0, 47.0, 0.0, #N/A, #N/A
FlowOCT-Benders, soybean_small, 3, 0.10354603000087081, 47.0, 47.0, 0.0, #N/A, #N/A
FlowOCT-Benders, soybean_small, 4, 0.9180128730004071, 47.0, 47.0, 0.0, #N/A, #N/A
FlowOCT-Benders, iris, 2, 0.3637840419996792, 136.0, 136.0, 0.0, #N/A, #N/A
FlowOCT-Benders, iris, 3, 9.60672972499924, 143.71428571428572, 143.0, 0.004995004995005051, #N/A, #N/A
FlowOCT-Benders, iris, 4, 600.0275365300004, 150.0, 147.0000038068722, 0.02040813683970497, #N/A, #N/A
FlowOCT-Benders, wine, 2, 11.32364548499936, 168.0, 168.0, 0.0, #N/A, #N/A
FlowOCT-Benders, wine, 3, 600.0307498750008, 177.0, 176.0, 0.005681818181818182, #N/A, #N/A
FlowOCT-Benders, wine, 4, 600.0322534179995, 178.0, 177.00000075, 0.005649713252896706, #N/A, #N/A
FlowOCT-Benders, breast_cancer, 2, 47.83519254600105, 536.0000004999999, 536.0000004999999, 0.0, #N/A, #N/A
FlowOCT-Benders, breast_cancer, 3, 600.044011906999, 569.0, 546.0, 0.04212454212454213, #N/A, #N/A
FlowOCT-Benders, breast_cancer, 4, 600.0374723379991, 569.0, 541.0000007767716, 0.05175600588359674, #N/A, #N/A
FlowOCT-Benders, banknote_authentication, 2, 9.281307659999584, 1229.0, 1229.0, 0.0, #N/A, #N/A
FlowOCT-Benders, banknote_authentication, 3, 600.0279908700031, 1339.333333333333, 1295.0, 0.034234234234234, #N/A, #N/A
FlowOCT-Benders, banknote_authentication, 4, 600.0413300569999, 1372.0, 1315.0, 0.04334600760456274, #N/A, #N/A
FlowOCT-Benders, blood_transfusion, 2, 4.662331709998398, 577.0, 577.0, 0.0, #N/A, #N/A
FlowOCT-Benders, blood_transfusion, 3, 600.027160919999, 676.1111111111113, 587.0, 0.15180768502744688, #N/A, #N/A
FlowOCT-Benders, blood_transfusion, 4, 600.0263235679995, 747.0, 593.000001888625, 0.2596964546726911, #N/A, #N/A
FlowOCT-Benders, ionosphere, 2, 65.02140339200196, 305.0, 305.0, 0.0, #N/A, #N/A
FlowOCT-Benders, ionosphere, 3, 600.0318301570005, 351.0, 317.999999999989, 0.10377358490569866, #N/A, #N/A
FlowOCT-Benders, ionosphere, 4, 600.0358971360001, 351.0, 319.0, 0.10031347962382445, #N/A, #N/A
FlowOCT-Benders, parkinsons, 2, 12.802443060998485, 176.3333333333331, 176.0, 0.0018939393939379943, #N/A, #N/A
FlowOCT-Benders, parkinsons, 3, 600.0284727090002, 195.0, 185.00000024941815, 0.054054052632971826, #N/A, #N/A
FlowOCT-Benders, parkinsons, 4, 600.0281302170006, 195.0, 194.0, 0.005154639175257732, #N/A, #N/A
OCT, balance_scale, 2, 43.888749431996985, 426.0, 426.0, 0.0, #N/A, #N/A
OCT, balance_scale, 3, 600.7323992129968, 625.0, 458.0, 0.3646288209606987, #N/A, #N/A
OCT, balance_scale, 4, 601.8013119780007, 625.0, 369.0, 0.6937669376693767, #N/A, #N/A
OCT, congressional_voting_records, 2, 42.69288783000229, 418.0, 418.0, 0.0, #N/A, #N/A
OCT, congressional_voting_records, 3, 600.7499153789977, 435.0, 421.0, 0.0332541567695962, #N/A, #N/A
OCT, congressional_voting_records, 4, 601.9710479679998, 435.0, 418.0, 0.04066985645933014, #N/A, #N/A
OCT, soybean_small, 2, 0.6381973370007472, 47.0, 47.0, 0.0, #N/A, #N/A
OCT, soybean_small, 3, 0.7285488560009981, 47.0, 47.0, 0.0, #N/A, #N/A
OCT, soybean_small, 4, 3.2696069340017857, 47.0, 47.0, 0.0, #N/A, #N/A
OCT, iris, 2, 18.354999220005993, 144.0, 144.0, 0.0, #N/A, #N/A
OCT, iris, 3, 246.11651868199988, 149.0, 149.0, 0.0, #N/A, #N/A
OCT, iris, 4, 16.204479189997073, 150.0, 150.0, 0.0, #N/A, #N/A
OCT, wine, 2, 113.3346387499987, 172.0, 172.0, 0.0, #N/A, #N/A
OCT, wine, 3, 600.2792302110029, 178.0, 177.0, 0.005649717514124294, #N/A, #N/A
OCT, wine, 4, 600.6614900919958, 178.0, 169.0, 0.05325443786982249, #N/A, #N/A
OCT, breast_cancer, 2, 600.3850324509986, 569.0, 545.0, 0.044036697247706424, #N/A, #N/A
OCT, breast_cancer, 3, 601.0004850080004, 569.0, 551.0, 0.032667876588021776, #N/A, #N/A
OCT, breast_cancer, 4, 602.4083448489982, 569.0, 553.0, 0.028933092224231464, #N/A, #N/A
OCT, banknote_authentication, 2, 600.6360291009987, 1372.0, 1269.0, 0.08116627265563436, #N/A, #N/A
OCT, banknote_authentication, 3, 601.5316677730007, 1372.0, 1311.0, 0.04652936689549962, #N/A, #N/A
OCT, banknote_authentication, 4, 603.8137228070045, 1372.0, 1300.0, 0.055384615384615386, #N/A, #N/A
OCT, blood_transfusion, 2, 600.3431753080004, 608.0, 584.0, 0.0410958904109589, #N/A, #N/A
OCT, blood_transfusion, 3, 600.8498999270014, 748.0, 586.0, 0.2764505119453925, #N/A, #N/A
OCT, blood_transfusion, 4, 602.1169798999981, 748.0, 589.0, 0.2699490662139219, #N/A, #N/A
OCT, ionosphere, 2, 600.1946285129961, 351.0, 322.0, 0.09006211180124224, #N/A, #N/A
OCT, ionosphere, 3, 600.5377985699961, 351.0, 321.0, 0.09345794392523364, #N/A, #N/A
OCT, ionosphere, 4, 601.2950115529966, 351.0, 333.0, 0.05405405405405406, #N/A, #N/A
OCT, parkinsons, 2, 600.1316553719953, 195.0, 178.0, 0.09550561797752809, #N/A, #N/A
OCT, parkinsons, 3, 600.3220285749994, 195.0, 190.0, 0.02631578947368421, #N/A, #N/A
OCT, parkinsons, 4, 600.781805577004, 195.0, 194.0, 0.005154639175257732, #N/A, #N/A
OCT-H, balance_scale, 2, 5.190199536998989, 625.0, 625.0, 0.0, #N/A, #N/A
OCT-H, balance_scale, 3, 600.7196761470041, 625.0, 597.0, 0.04690117252931323, #N/A, #N/A
OCT-H, balance_scale, 4, 601.8792464740036, 625.0, 592.0, 0.05574324324324324, #N/A, #N/A
OCT-H, congressional_voting_records, 2, 1.6611441669956548, 435.0, 435.0, 0.0, #N/A, #N/A
OCT-H, congressional_voting_records, 3, 28.57146039899817, 435.0, 435.0, 0.0, #N/A, #N/A
OCT-H, congressional_voting_records, 4, 30.865876356998342, 435.0, 435.0, 0.0, #N/A, #N/A
OCT-H, soybean_small, 2, 0.6023225730023114, 47.0, 47.0, 0.0, #N/A, #N/A
OCT-H, soybean_small, 3, 1.0124066479984322, 47.0, 47.0, 0.0, #N/A, #N/A
OCT-H, soybean_small, 4, 1.0101037089989404, 47.0, 47.0, 0.0, #N/A, #N/A
OCT-H, iris, 2, 6.819995637997636, 149.0, 149.0, 0.0, #N/A, #N/A
OCT-H, iris, 3, 20.070394071997725, 150.0, 150.0, 0.0, #N/A, #N/A
OCT-H, iris, 4, 16.510727764005424, 150.0, 150.0, 0.0, #N/A, #N/A
OCT-H, wine, 2, 1.7365507150025223, 178.0, 178.0, 0.0, #N/A, #N/A
OCT-H, wine, 3, 0.5245917650026968, 178.0, 178.0, 0.0, #N/A, #N/A
OCT-H, wine, 4, 25.691366560997267, 178.0, 178.0, 0.0, #N/A, #N/A
OCT-H, breast_cancer, 2, 77.04387720900559, 569.0, 569.0, 0.0, #N/A, #N/A
OCT-H, breast_cancer, 3, 199.1912162640001, 569.0, 569.0, 0.0, #N/A, #N/A
OCT-H, breast_cancer, 4, 602.2629349799972, 569.0, 372.0, 0.5295698924731183, #N/A, #N/A
OCT-H, banknote_authentication, 2, 51.92319585800578, 1372.0, 1372.0, 0.0, #N/A, #N/A
OCT-H, banknote_authentication, 3, 601.4657648520006, 1372.0, 977.0, 0.40429887410440124, #N/A, #N/A
OCT-H, banknote_authentication, 4, 603.3631995510004, 1372.0, 1362.0, 0.007342143906020558, #N/A, #N/A
OCT-H, blood_transfusion, 2, 600.3216738400006, 748.0, 583.0, 0.2830188679245283, #N/A, #N/A
OCT-H, blood_transfusion, 3, 600.7693654600007, 748.0, 584.0, 0.2808219178082192, #N/A, #N/A
OCT-H, blood_transfusion, 4, 601.859958275003, 748.0, 585.0, 0.27863247863247864, #N/A, #N/A
OCT-H, ionosphere, 2, 100.17761687900202, 351.0, 351.0, 0.0, #N/A, #N/A
OCT-H, ionosphere, 3, 323.69316729500133, 351.0, 351.0, 0.0, #N/A, #N/A
OCT-H, ionosphere, 4, 222.92358664499625, 351.0, 351.0, 0.0, #N/A, #N/A
OCT-H, parkinsons, 2, 38.75248952199763, 195.0, 195.0, 0.0, #N/A, #N/A
OCT-H, parkinsons, 3, 190.6916469340067, 195.0, 195.0, 0.0, #N/A, #N/A
OCT-H, parkinsons, 4, 306.30343864099996, 195.0, 195.0, 0.0, #N/A, #N/A
SOCT-baseline, balance_scale, 2, 5.067244845999994, 625.0, 625.0, 0.0, 0, 0
SOCT-benders-last-1, balance_scale, 2, 131.33908104700004, 625.0, 625.0, 0.0, -126.27183620100004, 0.0
SOCT-benders-last-10, balance_scale, 2, 57.70989837999991, 625.0, 625.0, 0.0, -52.64265353399992, 0.0
SOCT-init-1, balance_scale, 2, 5.115191161999974, 625.0, 625.0, 0.0, -0.04794631599997956, 0.0
SOCT-init-5, balance_scale, 2, 5.05087800199999, 625.0, 625.0, 0.0, 0.016366844000003766, 0.0
SOCT-baseline, balance_scale, 3, 81.94901294900001, 625.0, 625.0, 0.0, 0, 0
SOCT-benders-last-1, balance_scale, 3, 13.691595117000134, 625.0, 625.0, 0.0, 68.25741783199987, 0.0
SOCT-benders-last-10, balance_scale, 3, 252.10892089100003, 625.0, 625.0, 0.0, -170.15990794200002, 0.0
SOCT-init-1, balance_scale, 3, 81.97742940500007, 625.0, 625.0, 0.0, -0.028416456000059043, 0.0
SOCT-init-5, balance_scale, 3, 81.93198006700004, 625.0, 625.0, 0.0, 0.017032881999966776, 0.0
SOCT-baseline, balance_scale, 4, 602.0365773570002, 624.9999999999967, 588.0, 0.0629251700680216, 0, 0
SOCT-benders-last-1, balance_scale, 4, 330.8863873109999, 625.0, 625.0, 0.0, 271.15019004600026, 0.0629251700680216
SOCT-benders-last-10, balance_scale, 4, 601.5269211350001, 624.9999999999993, 606.0, 0.03135313531353023, 0.5096562220001033, 0.03157203475449138
SOCT-init-1, balance_scale, 4, 602.605274263, 624.9999999999997, 595.0, 0.050420168067226316, -0.5686969059997864, 0.012505002000795289
SOCT-init-5, balance_scale, 4, 602.903034506, 624.9999999999994, 582.0, 0.07388316151202652, -0.8664571489998707, -0.010957991444004916
SOCT-baseline, congressional_voting_records, 2, 0.8583244640003613, 435.0, 435.0, 0.0, 0, 0
SOCT-benders-last-1, congressional_voting_records, 2, 0.528655792999416, 435.0, 435.0, 0.0, 0.3296686710009453, 0.0
SOCT-benders-last-10, congressional_voting_records, 2, 0.4729863769998701, 435.0, 435.0, 0.0, 0.3853380870004912, 0.0
SOCT-init-1, congressional_voting_records, 2, 1.9475331889998415, 435.0, 435.0, 0.0, -1.0892087249994802, 0.0
SOCT-init-5, congressional_voting_records, 2, 1.5249039469999843, 435.0, 435.0, 0.0, -0.666579482999623, 0.0
SOCT-baseline, congressional_voting_records, 3, 6.517950823000319, 435.0, 435.0, 0.0, 0, 0
SOCT-benders-last-1, congressional_voting_records, 3, 11.021874138000385, 435.0, 435.0, 0.0, -4.5039233150000655, 0.0
SOCT-benders-last-10, congressional_voting_records, 3, 9.307932708999942, 435.0, 435.0, 0.0, -2.789981885999623, 0.0
SOCT-init-1, congressional_voting_records, 3, 4.1888741039992965, 435.0, 435.0, 0.0, 2.329076719001023, 0.0
SOCT-init-5, congressional_voting_records, 3, 13.516399832999923, 435.0, 435.0, 0.0, -6.998449009999604, 0.0
SOCT-baseline, congressional_voting_records, 4, 11.695018291000451, 435.0, 435.0, 0.0, 0, 0
SOCT-benders-last-1, congressional_voting_records, 4, 2.2276309640001273, 435.0, 435.0, 0.0, 9.467387327000324, 0.0
SOCT-benders-last-10, congressional_voting_records, 4, 2.230857880000258, 435.0, 435.0, 0.0, 9.464160411000194, 0.0
SOCT-init-1, congressional_voting_records, 4, 25.425902474000395, 435.0, 435.0, 0.0, -13.730884182999944, 0.0
SOCT-init-5, congressional_voting_records, 4, 7.0501319469995, 435.0, 435.0, 0.0, 4.644886344000952, 0.0
SOCT-baseline, soybean_small, 2, 0.10300590099996043, 47.0, 47.0, 0.0, 0, 0
SOCT-benders-last-1, soybean_small, 2, 0.07034103800015146, 47.0, 47.0, 0.0, 0.032664862999808975, 0.0
SOCT-benders-last-10, soybean_small, 2, 0.06986783599950286, 47.0, 47.0, 0.0, 0.03313806500045757, 0.0
SOCT-init-1, soybean_small, 2, 0.10591385699990497, 47.0, 47.0, 0.0, -0.0029079559999445337, 0.0
SOCT-init-5, soybean_small, 2, 0.10610915699999168, 47.0, 47.0, 0.0, -0.0031032560000312515, 0.0
SOCT-baseline, soybean_small, 3, 0.22752678699998796, 47.0, 47.0, 0.0, 0, 0
SOCT-benders-last-1, soybean_small, 3, 0.12977033500010293, 47.0, 47.0, 0.0, 0.09775645199988503, 0.0
SOCT-benders-last-10, soybean_small, 3, 0.13046148600005836, 47.0, 47.0, 0.0, 0.0970653009999296, 0.0
SOCT-init-1, soybean_small, 3, 0.23240719600016746, 47.0, 47.0, 0.0, -0.0048804090001794975, 0.0
SOCT-init-5, soybean_small, 3, 0.23387671299951762, 47.0, 47.0, 0.0, -0.00634992599952966, 0.0
SOCT-baseline, soybean_small, 4, 0.41266000399991754, 47.0, 47.0, 0.0, 0, 0
SOCT-benders-last-1, soybean_small, 4, 0.24483628300004057, 47.0, 47.0, 0.0, 0.16782372099987697, 0.0
SOCT-benders-last-10, soybean_small, 4, 0.2681466770000043, 47.0, 47.0, 0.0, 0.14451332699991326, 0.0
SOCT-init-1, soybean_small, 4, 0.41732652700011386, 47.0, 47.0, 0.0, -0.004666523000196321, 0.0
SOCT-init-5, soybean_small, 4, 0.419367501999659, 47.0, 47.0, 0.0, -0.006707497999741463, 0.0
SOCT-baseline, iris, 2, 1.9618090439998923, 149.99850788644875, 149.0, 0.0067013952110654305, 0, 0
SOCT-benders-last-1, iris, 2, 31.29424446899975, 149.98513634218122, 149.0, 0.006611653303229671, -29.332435424999858, 8.974190783575964e-05
SOCT-benders-last-10, iris, 2, 18.563520265999614, 149.99535670304047, 149.0, 0.00668024632913068, -16.60171122199972, 2.1148881934750403e-05
SOCT-init-1, iris, 2, 6.628264568000304, 149.99852261719371, 149.0, 0.006701494075125599, -4.666455524000412, -9.886406016849231e-08
SOCT-init-5, iris, 2, 2.276227982999444, 149.99849642456562, 149.0, 0.006701318285675274, -0.31441893899955176, 7.692539015675959e-08
SOCT-baseline, iris, 3, 3.7438871370004563, 150.0, 150.0, 0.0, 0, 0
SOCT-benders-last-1, iris, 3, 2.578331511000215, 150.0, 150.0, 0.0, 1.1655556260002413, 0.0
SOCT-benders-last-10, iris, 3, 4.777201389999391, 150.0, 150.0, 0.0, -1.0333142529989345, 0.0
SOCT-init-1, iris, 3, 4.098501139999826, 150.0, 150.0, 0.0, -0.3546140029993694, 0.0
SOCT-init-5, iris, 3, 11.067260374000398, 150.0, 150.0, 0.0, -7.323373236999942, 0.0
SOCT-baseline, iris, 4, 3.300043604000166, 150.0, 150.0, 0.0, 0, 0
SOCT-benders-last-1, iris, 4, 17.50629048100018, 150.0, 150.0, 0.0, -14.206246877000012, 0.0
SOCT-benders-last-10, iris, 4, 10.918043460000263, 150.0, 150.0, 0.0, -7.617999856000097, 0.0
SOCT-init-1, iris, 4, 10.814308281999729, 150.0, 150.0, 0.0, -7.514264677999563, 0.0
SOCT-init-5, iris, 4, 11.901296017999812, 150.0, 150.0, 0.0, -8.601252413999646, 0.0
SOCT-baseline, wine, 2, 0.26401133900071727, 178.0, 178.0, 0.0, 0, 0
SOCT-benders-last-1, wine, 2, 0.14893055399988953, 178.0, 178.0, 0.0, 0.11508078500082775, 0.0
SOCT-benders-last-10, wine, 2, 0.1488930569994409, 178.0, 178.0, 0.0, 0.11511828200127638, 0.0
SOCT-init-1, wine, 2, 0.26996502700058045, 178.0, 178.0, 0.0, -0.0059536879998631775, 0.0
SOCT-init-5, wine, 2, 0.27047434100040846, 178.0, 178.0, 0.0, -0.006463001999691187, 0.0
SOCT-baseline, wine, 3, 0.767951370999981, 178.0, 178.0, 0.0, 0, 0
SOCT-benders-last-1, wine, 3, 0.5095682489991304, 178.0, 178.0, 0.0, 0.25838312200085056, 0.0
SOCT-benders-last-10, wine, 3, 0.5176931610003521, 178.0, 178.0, 0.0, 0.2502582099996289, 0.0
SOCT-init-1, wine, 3, 0.787880388999838, 178.0, 178.0, 0.0, -0.019929017999857024, 0.0
SOCT-init-5, wine, 3, 0.7583846879997509, 178.0, 178.0, 0.0, 0.009566683000230114, 0.0
SOCT-baseline, wine, 4, 1.2553358330005722, 178.0, 178.0, 0.0, 0, 0
SOCT-benders-last-1, wine, 4, 0.9697086469996066, 178.0, 178.0, 0.0, 0.2856271860009656, 0.0
SOCT-benders-last-10, wine, 4, 0.9642061640006432, 178.0, 178.0, 0.0, 0.291129668999929, 0.0
SOCT-init-1, wine, 4, 1.280991388000075, 178.0, 178.0, 0.0, -0.025655554999502783, 0.0
SOCT-init-5, wine, 4, 1.32049111500055, 178.0, 178.0, 0.0, -0.06515528199997789, 0.0
SOCT-baseline, breast_cancer, 2, 49.613492140000744, 569.0, 569.0, 0.0, 0, 0
SOCT-benders-last-1, breast_cancer, 2, 0.7031112829999984, 569.0, 569.0, 0.0, 48.910380857000746, 0.0
SOCT-benders-last-10, breast_cancer, 2, 0.6948833360002027, 569.0, 569.0, 0.0, 48.91860880400054, 0.0
SOCT-init-1, breast_cancer, 2, 50.055166703000396, 569.0, 569.0, 0.0, -0.44167456299965124, 0.0
SOCT-init-5, breast_cancer, 2, 50.0561432150007, 569.0, 569.0, 0.0, -0.4426510749999579, 0.0
SOCT-baseline, breast_cancer, 3, 601.0147650269992, 568.9999999999998, 395.0, 0.44050632911392346, 0, 0
SOCT-benders-last-1, breast_cancer, 3, 1.4807574260003094, 569.0, 569.0, 0.0, 599.5340076009988, 0.44050632911392346
SOCT-benders-last-10, breast_cancer, 3, 1.4173482539999895, 569.0, 569.0, 0.0, 599.5974167729992, 0.44050632911392346
SOCT-init-1, breast_cancer, 3, 543.9702773129993, 568.9999999999999, 568.9999937948115, 1.0905427809674124e-08, 57.04448771399984, 0.4405063182084957
SOCT-init-5, breast_cancer, 3, 601.7686038299998, 568.9999999999995, 400.0, 0.4224999999999989, -0.75383880300069, 0.01800632911392458
SOCT-baseline, breast_cancer, 4, 557.3646116269992, 569.0, 569.0, 0.0, 0, 0
SOCT-benders-last-1, breast_cancer, 4, 52.861248051000075, 569.0, 569.0, 0.0, 504.5033635759992, 0.0
SOCT-benders-last-10, breast_cancer, 4, 25.68602248699972, 569.0, 569.0, 0.0, 531.6785891399995, 0.0
SOCT-init-1, breast_cancer, 4, 602.6793931889997, 568.9999999999991, 403.0, 0.41191066997518383, -45.31478156200046, -0.41191066997518383
SOCT-init-5, breast_cancer, 4, 603.0665526520006, 568.9999999999824, 412.0, 0.3810679611650058, -45.70194102500136, -0.3810679611650058
SOCT-baseline, banknote_authentication, 2, 155.64243784999962, 1372.0, 1372.0, 0.0, 0, 0
SOCT-benders-last-1, banknote_authentication, 2, 184.04977835999853, 1372.0, 1372.0, 0.0, -28.407340509998903, 0.0
SOCT-benders-last-10, banknote_authentication, 2, 236.01797492900005, 1372.0, 1372.0, 0.0, -80.37553707900042, 0.0
SOCT-init-1, banknote_authentication, 2, 315.30316003400003, 1372.0, 1372.0, 0.0, -159.6607221840004, 0.0
SOCT-init-5, banknote_authentication, 2, 601.6024176660012, 1371.9999999999534, 1362.0, 0.007342143905986335, -445.9599798160016, -0.007342143905986335
SOCT-baseline, banknote_authentication, 3, 57.58443380300014, 1372.0, 1372.0, 0.0, 0, 0
SOCT-benders-last-1, banknote_authentication, 3, 14.372952529000031, 1372.0, 1372.0, 0.0, 43.21148127400011, 0.0
SOCT-benders-last-10, banknote_authentication, 3, 218.96713520499907, 1372.0, 1372.0, 0.0, -161.38270140199893, 0.0
SOCT-init-1, banknote_authentication, 3, 602.3907076929991, 1371.9999999999973, 1362.0000009925234, 0.007342143171943202, -544.8062738899989, -0.007342143171943202
SOCT-init-5, banknote_authentication, 3, 603.0081318479988, 1371.9999999999923, 1362.0, 0.007342143906014882, -545.4236980449987, -0.007342143906014882
SOCT-baseline, banknote_authentication, 4, 603.5002290079992, 1371.999999999998, 856.0, 0.6028037383177546, 0, 0
SOCT-benders-last-1, banknote_authentication, 4, 480.21471216200007, 1372.0, 1372.0, 0.0, 123.28551684599915, 0.6028037383177546
SOCT-benders-last-10, banknote_authentication, 4, 174.44984846499938, 1372.0, 1372.0, 0.0, 429.05038054299985, 0.6028037383177546
SOCT-init-1, banknote_authentication, 4, 604.9684300999998, 1371.9999999999973, 838.0, 0.6372315035799491, -1.4682010920005268, -0.03442776526219449
SOCT-init-5, banknote_authentication, 4, 605.8492523420009, 1371.9999999999968, 789.0, 0.7389100126742671, -2.3490233340016857, -0.13610627435651257
SOCT-baseline, blood_transfusion, 2, 600.4948586160008, 747.9304542782687, 597.0, 0.25281483128688226, 0, 0
SOCT-benders-last-1, blood_transfusion, 2, 600.7885492410005, 747.9999999999985, 570.0, 0.3122807017543834, -0.2936906249997264, -0.059465870467501125
SOCT-benders-last-10, blood_transfusion, 2, 604.3530432829994, 746.5, 572.0, 0.30506993006993005, -3.858184666998568, -0.05225509878304779
SOCT-init-1, blood_transfusion, 2, 600.7857778809994, 747.9622307633999, 583.0, 0.28295408364219543, -0.29091926499859255, -0.030139252355313173
SOCT-init-5, blood_transfusion, 2, 601.0905276669982, 747.9586013696731, 603.0, 0.2403956904969704, -0.5956690509974578, 0.012419140789911853
SOCT-baseline, blood_transfusion, 3, 601.0432200510004, 747.9709312602893, 605.0, 0.23631558885998225, 0, 0
SOCT-benders-last-1, blood_transfusion, 3, 604.9814900950005, 747.9999999999992, 576.0, 0.2986111111111097, -3.9382700440000917, -0.06229552225112747
SOCT-benders-last-10, blood_transfusion, 3, 605.4147521449995, 747.9999999999859, 570.0, 0.31228070175436123, -4.371532093999122, -0.07596511289437899
SOCT-init-1, blood_transfusion, 3, 601.5195315929996, 747.9669519179776, 584.0, 0.2807653286266739, -0.47631154199916637, -0.04444973976669167
SOCT-init-5, blood_transfusion, 3, 602.3642082459992, 747.9999999999989, 593.0, 0.2613827993254618, -1.3209881949987903, -0.025067210465479578
SOCT-baseline, blood_transfusion, 4, 601.9286733970002, 747.9999999999974, 586.0, 0.27645051194538806, 0, 0
SOCT-benders-last-1, blood_transfusion, 4, 601.2907834270009, 747.9999999999982, 570.0, 0.3122807017543828, 0.6378899699993781, -0.03583018980899472
SOCT-benders-last-10, blood_transfusion, 4, 667.2209581870011, 747.9999999999993, 570.0, 0.31228070175438477, -65.29228479000085, -0.035830189808996715
SOCT-init-1, blood_transfusion, 4, 602.8065908200006, 747.9999999999983, 585.0, 0.2786324786324757, -0.8779174230003264, -0.002181966687087644
SOCT-init-5, blood_transfusion, 4, 603.559087657999, 747.9999999999892, 593.0000002755074, 0.26138279873940784, -1.6304142609988048, 0.015067713205980215
SOCT-baseline, ionosphere, 2, 137.48691361099918, 351.0, 351.0, 0.0, 0, 0
SOCT-benders-last-1, ionosphere, 2, 3.1279350479999266, 351.0, 351.0, 0.0, 134.35897856299925, 0.0
SOCT-benders-last-10, ionosphere, 2, 0.7846326130020316, 351.0, 351.0, 0.0, 136.70228099799715, 0.0
SOCT-init-1, ionosphere, 2, 52.63922447200093, 351.0, 351.0, 0.0, 84.84768913899825, 0.0
SOCT-init-5, ionosphere, 2, 57.45336228800079, 351.0, 351.0, 0.0, 80.03355132299839, 0.0
SOCT-baseline, ionosphere, 3, 68.82647308500236, 351.0, 351.0, 0.0, 0, 0
SOCT-benders-last-1, ionosphere, 3, 71.14488065200203, 351.0, 351.0, 0.0, -2.3184075669996673, 0.0
SOCT-benders-last-10, ionosphere, 3, 1.4405291049988591, 351.0, 351.0, 0.0, 67.3859439800035, 0.0
SOCT-init-1, ionosphere, 3, 135.4384135140026, 351.0, 351.0, 0.0, -66.61194042900024, 0.0
SOCT-init-5, ionosphere, 3, 87.16486565499872, 351.0, 351.0, 0.0, -18.33839256999636, 0.0
SOCT-baseline, ionosphere, 4, 106.65757999999914, 351.0, 351.0, 0.0, 0, 0
SOCT-benders-last-1, ionosphere, 4, 251.96239500299998, 351.0, 351.0, 0.0, -145.30481500300084, 0.0
SOCT-benders-last-10, ionosphere, 4, 17.25220958600039, 351.0, 351.0, 0.0, 89.40537041399875, 0.0
SOCT-init-1, ionosphere, 4, 483.054492932999, 351.0, 351.0, 0.0, -376.39691293299984, 0.0
SOCT-init-5, ionosphere, 4, 404.7561345639988, 351.0, 351.0, 0.0, -298.09855456399964, 0.0
SOCT-baseline, parkinsons, 2, 56.63533833399924, 195.0, 195.0, 0.0, 0, 0
SOCT-benders-last-1, parkinsons, 2, 21.421343660000275, 195.0, 195.0, 0.0, 35.21399467399897, 0.0
SOCT-benders-last-10, parkinsons, 2, 32.68518867700186, 195.0, 195.0, 0.0, 23.950149656997382, 0.0
SOCT-init-1, parkinsons, 2, 36.81164819500191, 195.0, 195.0, 0.0, 19.823690138997335, 0.0
SOCT-init-5, parkinsons, 2, 17.877326024001377, 195.0, 195.0, 0.0, 38.758012309997866, 0.0
SOCT-baseline, parkinsons, 3, 16.928337114000897, 195.0, 195.0, 0.0, 0, 0
SOCT-benders-last-1, parkinsons, 3, 2.435281220001343, 195.0, 195.0, 0.0, 14.493055893999554, 0.0
SOCT-benders-last-10, parkinsons, 3, 23.01804363300107, 195.0, 195.0, 0.0, -6.089706519000174, 0.0
SOCT-init-1, parkinsons, 3, 21.042237293000653, 195.0, 195.0, 0.0, -4.1139001789997565, 0.0
SOCT-init-5, parkinsons, 3, 48.34283132800192, 195.0, 195.0, 0.0, -31.414494214001024, 0.0
SOCT-baseline, parkinsons, 4, 92.20882022200021, 195.0, 195.0, 0.0, 0, 0
SOCT-benders-last-1, parkinsons, 4, 0.9845749720007007, 195.0, 195.0, 0.0, 91.22424524999951, 0.0
SOCT-benders-last-10, parkinsons, 4, 0.9609988869997323, 195.0, 195.0, 0.0, 91.24782133500048, 0.0
SOCT-init-1, parkinsons, 4, 4.014509863998683, 195.0, 195.0, 0.0, 88.19431035800153, 0.0
SOCT-init-5, parkinsons, 4, 100.36605689499993, 195.0, 195.0, 0.0, -8.157236672999716, 0.0
